date,tablesDelivered,tablesExpected,missingTables,missingTablesList,completenessRatio
20220222-08,246,246,0,[],1.0
20220222-10,246,246,0,[],1.0
20220222-11,244,246,2,"['ActDepartment', 'AddressBookRemark']",0.9919
20220222-12,242,246,4,"['AddressBookAgentPort', 'AddressBookExpense', 'AddressBookRemark', 'AddressBookUserDefinedFields']",0.9837
20220222-13,243,246,3,"['AddressBookAgentPort', 'AddressBookRemark', 'AddressBookUserDefinedFields']",0.9878
20220222-14,243,246,3,"['AddressBookAgentPort', 'AddressBookCompany', 'AddressBookExpense']",0.9878
20220222-15,246,246,0,[],1.0
20220222-17,243,246,3,"['ActDepartment', 'AddressBookAgentPort', 'AddressBookRemark']",0.9878
20220222-18,242,246,4,"['ActDepartment', 'AddressBookExpense', 'AddressBookRemark', 'AddressBookUserDefinedFields']",0.9837
20220222-19,246,246,0,[],1.0
20220222-22,245,246,1,['AddressBookCompany'],0.9959
20220223-01,243,246,3,"['ActDepartment', 'AddressBookAgentPort', 'AddressBookRemark']",0.9878
20220223-02,246,246,0,[],1.0
20220223-03,244,246,2,"['AddressBookAgentPort', 'AddressBookExpense']",0.9919
20220223-05,246,246,0,[],1.0
20220223-06,246,246,0,[],1.0
20220223-08,245,246,1,['AddressBookCompany'],0.9959
20220223-11,243,246,3,"['ActDepartment', 'AddressBookExpense', 'AddressBookUserDefinedFields']",0.9878
20220223-12,246,246,0,[],1.0
20220223-13,244,246,2,"['AddressBookExpense', 'AddressBookRemark']",0.9919
20220223-14,245,246,1,['AddressBookCompany'],0.9959
20220223-16,246,246,0,[],1.0
20220223-21,245,246,1,['AddressBookAgentPort'],0.9959
20220223-23,246,246,0,[],1.0
20220224-01,245,246,1,['AddressBookExpense'],0.9959
20220224-05,246,246,0,[],1.0
20220224-07,246,246,0,[],1.0
20220224-08,246,246,0,[],1.0
20220224-17,245,246,1,['ActDepartment'],0.9959
20220224-18,245,246,1,['AddressBookAgentPort'],0.9959
20220224-21,245,246,1,['AddressBookExpense'],0.9959
20220224-22,245,246,1,['AddressBookUserDefinedFields'],0.9959
20220224-23,245,246,1,['AddressBookRemark'],0.9959
20220225-00,246,246,0,[],1.0
20220225-01,245,246,1,['ActDepartment'],0.9959
20220225-06,245,246,1,['AddressBookCompany'],0.9959
20220225-07,245,246,1,['AddressBookExpense'],0.9959
20220225-09,246,246,0,[],1.0
20220225-10,244,246,2,"['AddressBookAgentPort', 'AddressBookRemark']",0.9919
20220225-12,246,246,0,[],1.0
20220225-13,245,246,1,['AddressBookCompany'],0.9959
20220225-14,245,246,1,['AddressBookExpense'],0.9959
20220225-17,244,246,2,"['AddressBookCompany', 'AddressBookExpense']",0.9919
20220225-18,246,246,0,[],1.0
20220225-21,242,246,4,"['AddressBookAgentPort', 'AddressBookExpense', 'AddressBookRemark', 'AddressBookUserDefinedFields']",0.9837
20220225-22,246,246,0,[],1.0
20220225-23,246,246,0,[],1.0
20220226-01,242,246,4,"['AddressBookAgentPort', 'AddressBookCompany', 'AddressBookExpense', 'AddressBookUserDefinedFields']",0.9837
20220226-04,244,246,2,"['AddressBookExpense', 'AddressBookUserDefinedFields']",0.9919
20220226-06,245,246,1,['AddressBookCompany'],0.9959
20220226-09,245,246,1,['ActDepartment'],0.9959
20220226-10,246,246,0,[],1.0
20220226-11,246,246,0,[],1.0
20220226-16,246,246,0,[],1.0
20220226-18,244,246,2,"['AddressBookAgentPort', 'AddressBookCompany']",0.9919
20220226-19,246,246,0,[],1.0
20220226-22,246,246,0,[],1.0
20220227-01,245,246,1,['AddressBookAgentPort'],0.9959
20220227-02,244,246,2,"['AddressBookAgentPort', 'AddressBookExpense']",0.9919
20220227-03,245,246,1,['AddressBookRemark'],0.9959
20220227-04,245,246,1,['AddressBookAgentPort'],0.9959
20220227-05,245,246,1,['AddressBookAgentPort'],0.9959
20220227-06,246,246,0,[],1.0
20220227-07,246,246,0,[],1.0
20220227-08,246,246,0,[],1.0
20220227-09,246,246,0,[],1.0
20220227-10,245,246,1,['AddressBookExpense'],0.9959
20220227-11,246,246,0,[],1.0
20220227-12,245,246,1,['AddressBookExpense'],0.9959
20220227-13,246,246,0,[],1.0
20220227-14,246,246,0,[],1.0
20220227-15,246,246,0,[],1.0
20220227-16,244,246,2,"['AddressBookAgentPort', 'AddressBookExpense']",0.9919
20220227-17,242,246,4,"['AddressBookCompany', 'AddressBookExpense', 'AddressBookRemark', 'AddressBookUserDefinedFields']",0.9837
20220227-18,244,246,2,"['ActDepartment', 'AddressBookCompany']",0.9919
20220227-19,245,246,1,['AddressBookExpense'],0.9959
20220227-22,246,246,0,[],1.0
20220227-23,245,246,1,['ActDepartment'],0.9959
20220228-00,242,246,4,"['ActDepartment', 'AddressBookAgentPort', 'AddressBookExpense', 'AddressBookRemark']",0.9837
20220228-01,246,246,0,[],1.0
20220228-02,243,246,3,"['ActDepartment', 'AddressBookExpense', 'AddressBookUserDefinedFields']",0.9878
20220228-03,246,246,0,[],1.0
20220228-04,246,246,0,[],1.0
20220228-05,244,246,2,"['ActDepartment', 'AddressBookExpense']",0.9919
20220228-06,246,246,0,[],1.0
20220228-07,244,246,2,"['ActDepartment', 'AddressBookCompany']",0.9919
20220228-08,245,246,1,['AddressBookCompany'],0.9959
20220228-09,244,246,2,"['ActDepartment', 'AddressBookExpense']",0.9919
20220228-10,246,246,0,[],1.0
20220228-11,246,246,0,[],1.0
20220228-12,246,246,0,[],1.0
20220228-13,246,246,0,[],1.0
20220228-14,242,246,4,"['AddressBookAgentPort', 'AddressBookCompany', 'AddressBookRemark', 'AddressBookUserDefinedFields']",0.9837
20220228-15,244,246,2,"['ActDepartment', 'AddressBookExpense']",0.9919
20220228-16,245,246,1,['ActDepartment'],0.9959
20220228-17,244,246,2,"['ActDepartment', 'AddressBookRemark']",0.9919
20220228-18,246,246,0,[],1.0
20220228-19,244,246,2,"['ActDepartment', 'AddressBookCompany']",0.9919
20220228-22,246,246,0,[],1.0
20220228-23,245,246,1,['ActDepartment'],0.9959
20220301-00,246,246,0,[],1.0
20220301-01,244,246,2,"['AddressBookCompany', 'AddressBookExpense']",0.9919
20220301-02,246,246,0,[],1.0
20220301-03,242,246,4,"['AddressBookAgentPort', 'AddressBookExpense', 'AddressBookRemark', 'AddressBookUserDefinedFields']",0.9837
20220301-04,246,246,0,[],1.0
20220301-05,244,246,2,"['ActDepartment', 'AddressBookCompany']",0.9919
20220301-06,246,246,0,[],1.0
20220301-07,246,246,0,[],1.0
20220301-08,246,246,0,[],1.0
20220301-09,246,246,0,[],1.0
20220301-10,246,246,0,[],1.0
20220301-11,246,246,0,[],1.0
20220301-12,245,246,1,['AddressBookExpense'],0.9959
20220301-13,246,246,0,[],1.0
20220301-14,245,246,1,['AddressBookAgentPort'],0.9959
20220301-15,246,246,0,[],1.0
20220301-16,246,246,0,[],1.0
20220301-17,246,246,0,[],1.0
20220301-18,246,246,0,[],1.0
20220301-19,246,246,0,[],1.0
20220301-22,245,246,1,['AddressBookAgentPort'],0.9959
20220301-23,246,246,0,[],1.0
20220302-00,245,246,1,['AddressBookAgentPort'],0.9959
20220302-01,246,246,0,[],1.0
20220302-02,245,246,1,['ActDepartment'],0.9959
20220302-03,245,246,1,['AddressBookCompany'],0.9959
20220302-04,246,246,0,[],1.0
20220302-05,241,246,5,"['AddressBookAgentPort', 'AddressBookCompany', 'AddressBookExpense', 'AddressBookRemark', 'AddressBookUserDefinedFields']",0.9797
20220302-06,246,246,0,[],1.0
20220302-07,246,246,0,[],1.0
20220302-08,245,246,1,['AddressBookAgentPort'],0.9959
20220302-09,246,246,0,[],1.0
20220302-10,245,246,1,['ActDepartment'],0.9959
20220302-11,244,246,2,"['AddressBookAgentPort', 'AddressBookExpense']",0.9919
20220302-12,246,246,0,[],1.0
20220302-13,244,246,2,"['AddressBookAgentPort', 'AddressBookCompany']",0.9919
20220302-14,246,246,0,[],1.0
20220302-15,246,246,0,[],1.0
20220302-16,246,246,0,[],1.0
20220302-17,245,246,1,['AddressBookCompany'],0.9959
20220302-18,244,246,2,"['ActDepartment', 'AddressBookAgentPort']",0.9919
20220302-19,244,246,2,"['ActDepartment', 'AddressBookUserDefinedFields']",0.9919
20220302-22,246,246,0,[],1.0
20220302-23,246,246,0,[],1.0
20220303-00,243,246,3,"['ActDepartment', 'AddressBookExpense', 'AddressBookUserDefinedFields']",0.9878
20220303-01,246,246,0,[],1.0
20220303-04,246,246,0,[],1.0
20220303-05,246,246,0,[],1.0
20220303-06,246,246,0,[],1.0
20220303-07,246,246,0,[],1.0
20220303-08,245,246,1,['AddressBookExpense'],0.9959
20220303-09,246,246,0,[],1.0
20220303-12,246,246,0,[],1.0
20220303-13,246,246,0,[],1.0
20220303-14,246,246,0,[],1.0
20220303-15,246,246,0,[],1.0
20220303-16,246,246,0,[],1.0
20220303-17,245,246,1,['AddressBookExpense'],0.9959
20220303-18,246,246,0,[],1.0
20220303-19,245,246,1,['AddressBookRemark'],0.9959
20220303-22,246,246,0,[],1.0
20220303-23,246,246,0,[],1.0
20220304-00,246,246,0,[],1.0
20220304-01,244,246,2,"['AddressBookCompany', 'AddressBookExpense']",0.9919
20220304-02,246,246,0,[],1.0
20220304-03,245,246,1,['AddressBookRemark'],0.9959
20220304-04,245,246,1,['ActDepartment'],0.9959
20220304-05,246,246,0,[],1.0
20220304-06,246,246,0,[],1.0
20220304-07,246,246,0,[],1.0
20220304-08,246,246,0,[],1.0
20220304-09,246,246,0,[],1.0
20220304-10,245,246,1,['AddressBookCompany'],0.9959
20220304-11,243,246,3,"['ActDepartment', 'AddressBookAgentPort', 'AddressBookExpense']",0.9878
20220304-12,242,246,4,"['ActDepartment', 'AddressBookAgentPort', 'AddressBookCompany', 'AddressBookExpense']",0.9837
20220304-13,245,246,1,['AddressBookAgentPort'],0.9959
20220304-14,246,246,0,[],1.0
20220304-15,243,246,3,"['AddressBookAgentPort', 'AddressBookExpense', 'AddressBookUserDefinedFields']",0.9878
20220304-16,246,246,0,[],1.0
20220304-17,246,246,0,[],1.0
20220304-18,246,246,0,[],1.0
20220304-19,246,246,0,[],1.0
20220304-22,246,246,0,[],1.0
20220304-23,244,246,2,"['ActDepartment', 'AddressBookAgentPort']",0.9919
20220305-00,245,246,1,['AddressBookExpense'],0.9959
20220305-01,246,246,0,[],1.0
20220305-02,245,246,1,['AddressBookExpense'],0.9959
20220305-03,244,246,2,"['AddressBookCompany', 'AddressBookExpense']",0.9919
20220305-04,243,246,3,"['ActDepartment', 'AddressBookAgentPort', 'AddressBookRemark']",0.9878
20220305-05,246,246,0,[],1.0
20220305-06,245,246,1,['AddressBookAgentPort'],0.9959
20220305-07,246,246,0,[],1.0
20220305-08,246,246,0,[],1.0
20220305-09,245,246,1,['AddressBookCompany'],0.9959
20220305-10,243,246,3,"['AddressBookAgentPort', 'AddressBookExpense', 'AddressBookUserDefinedFields']",0.9878
20220305-11,245,246,1,['AddressBookCompany'],0.9959
20220305-12,246,246,0,[],1.0
20220305-13,246,246,0,[],1.0
20220305-14,244,246,2,"['ActDepartment', 'AddressBookCompany']",0.9919
20220305-15,244,246,2,"['AddressBookAgentPort', 'AddressBookCompany']",0.9919
20220305-16,244,246,2,"['AddressBookAgentPort', 'AddressBookRemark']",0.9919
20220305-17,245,246,1,['AddressBookExpense'],0.9959
20220305-18,245,246,1,['AddressBookRemark'],0.9959
20220305-19,246,246,0,[],1.0
20220305-22,245,246,1,['ActDepartment'],0.9959
20220305-23,245,246,1,['AddressBookCompany'],0.9959
20220306-00,243,246,3,"['AddressBookAgentPort', 'AddressBookCompany', 'AddressBookUserDefinedFields']",0.9878
20220306-01,246,246,0,[],1.0
20220306-02,246,246,0,[],1.0
20220306-03,245,246,1,['ActDepartment'],0.9959
20220306-04,245,246,1,['AddressBookRemark'],0.9959
20220306-05,244,246,2,"['AddressBookCompany', 'AddressBookUserDefinedFields']",0.9919
20220306-06,246,246,0,[],1.0
20220306-07,243,246,3,"['ActDepartment', 'AddressBookExpense', 'AddressBookUserDefinedFields']",0.9878
20220306-08,246,246,0,[],1.0
20220306-09,246,246,0,[],1.0
20220306-10,245,246,1,['AddressBookCompany'],0.9959
20220306-11,246,246,0,[],1.0
20220306-12,246,246,0,[],1.0
20220306-13,246,246,0,[],1.0
20220306-14,246,246,0,[],1.0
20220306-15,242,246,4,"['AddressBookAgentPort', 'AddressBookCompany', 'AddressBookRemark', 'AddressBookUserDefinedFields']",0.9837
20220306-16,244,246,2,"['ActDepartment', 'AddressBookAgentPort']",0.9919
20220306-17,245,246,1,['AddressBookUserDefinedFields'],0.9959
20220306-18,244,246,2,"['AddressBookAgentPort', 'AddressBookRemark']",0.9919
20220306-19,242,246,4,"['ActDepartment', 'AddressBookAgentPort', 'AddressBookExpense', 'AddressBookUserDefinedFields']",0.9837
20220306-22,246,246,0,[],1.0
20220306-23,244,246,2,"['AddressBookAgentPort', 'AddressBookExpense']",0.9919
20220307-00,245,246,1,['AddressBookAgentPort'],0.9959
20220307-01,246,246,0,[],1.0
20220307-02,246,246,0,[],1.0
20220307-03,246,246,0,[],1.0
20220307-04,246,246,0,[],1.0
20220307-05,242,246,4,"['AddressBookAgentPort', 'AddressBookExpense', 'AddressBookRemark', 'AddressBookUserDefinedFields']",0.9837
20220307-06,246,246,0,[],1.0
20220307-07,246,246,0,[],1.0
20220307-08,244,246,2,"['ActDepartment', 'AddressBookExpense']",0.9919
20220307-09,246,246,0,[],1.0
20220307-10,246,246,0,[],1.0
20220307-11,246,246,0,[],1.0
20220307-12,245,246,1,['AddressBookCompany'],0.9959
20220307-13,246,246,0,[],1.0
20220307-14,244,246,2,"['AddressBookAgentPort', 'AddressBookCompany']",0.9919
20220307-15,246,246,0,[],1.0
20220307-16,246,246,0,[],1.0
20220307-17,246,246,0,[],1.0
20220307-18,244,246,2,"['AddressBookExpense', 'AddressBookUserDefinedFields']",0.9919
20220307-19,246,246,0,[],1.0
20220307-22,246,246,0,[],1.0
20220307-23,246,246,0,[],1.0
20220308-00,246,246,0,[],1.0
20220308-01,243,246,3,"['AddressBookAgentPort', 'AddressBookExpense', 'AddressBookRemark']",0.9878
20220308-02,246,246,0,[],1.0
20220308-03,245,246,1,['ActDepartment'],0.9959
20220308-04,244,246,2,"['AddressBookExpense', 'AddressBookRemark']",0.9919
20220308-05,246,246,0,[],1.0
20220308-06,245,246,1,['AddressBookRemark'],0.9959
20220308-07,244,246,2,"['AddressBookAgentPort', 'AddressBookRemark']",0.9919
20220308-08,246,246,0,[],1.0
20220308-09,246,246,0,[],1.0
20220308-10,246,246,0,[],1.0
20220308-11,246,246,0,[],1.0
20220308-12,245,246,1,['AddressBookExpense'],0.9959
20220308-13,246,246,0,[],1.0
20220308-14,242,246,4,"['ActDepartment', 'AddressBookCompany', 'AddressBookExpense', 'AddressBookRemark']",0.9837
20220308-15,241,246,5,"['ActDepartment', 'AddressBookCompany', 'AddressBookExpense', 'AddressBookRemark', 'AddressBookUserDefinedFields']",0.9797
20220308-16,242,246,4,"['AddressBookAgentPort', 'AddressBookExpense', 'AddressBookRemark', 'AddressBookUserDefinedFields']",0.9837
20220308-17,244,246,2,"['AddressBookAgentPort', 'AddressBookCompany']",0.9919
20220308-18,246,246,0,[],1.0
20220308-19,246,246,0,[],1.0
20220308-20,246,246,0,[],1.0
20220308-21,244,246,2,"['AddressBookCompany', 'AddressBookUserDefinedFields']",0.9919
20220308-22,243,246,3,"['ActDepartment', 'AddressBookAgentPort', 'AddressBookCompany']",0.9878
20220309-00,246,246,0,[],1.0
20220309-01,245,246,1,['AddressBookRemark'],0.9959
20220309-02,246,246,0,[],1.0
20220309-03,246,246,0,[],1.0
20220309-04,245,246,1,['AddressBookExpense'],0.9959
20220309-05,245,246,1,['AddressBookRemark'],0.9959
20220309-06,246,246,0,[],1.0
20220309-07,244,246,2,"['AddressBookExpense', 'AddressBookRemark']",0.9919
20220309-08,243,246,3,"['AddressBookCompany', 'AddressBookRemark', 'AddressBookUserDefinedFields']",0.9878
20220309-09,244,246,2,"['ActDepartment', 'AddressBookCompany']",0.9919
20220309-10,246,246,0,[],1.0
20220309-11,246,246,0,[],1.0
20220309-12,245,246,1,['AddressBookExpense'],0.9959
20220309-13,246,246,0,[],1.0
20220309-14,243,246,3,"['ActDepartment', 'AddressBookRemark', 'AddressBookUserDefinedFields']",0.9878
20220309-15,244,246,2,"['AddressBookCompany', 'AddressBookUserDefinedFields']",0.9919
20220309-16,244,246,2,"['ActDepartment', 'AddressBookAgentPort']",0.9919
20220309-17,243,246,3,"['AddressBookCompany', 'AddressBookExpense', 'AddressBookUserDefinedFields']",0.9878
20220309-18,244,246,2,"['AddressBookAgentPort', 'AddressBookRemark']",0.9919
20220309-19,245,246,1,['AddressBookCompany'],0.9959
20220309-20,246,246,0,[],1.0
20220309-21,243,246,3,"['AddressBookCompany', 'AddressBookRemark', 'AddressBookUserDefinedFields']",0.9878
20220309-22,245,246,1,['AddressBookRemark'],0.9959
20220309-23,245,246,1,['AddressBookRemark'],0.9959
20220310-00,246,246,0,[],1.0
20220310-01,246,246,0,[],1.0
20220310-02,245,246,1,['AddressBookAgentPort'],0.9959
20220310-03,245,246,1,['AddressBookExpense'],0.9959
20220310-04,244,246,2,"['ActDepartment', 'AddressBookAgentPort']",0.9919
20220310-05,245,246,1,['AddressBookCompany'],0.9959
20220310-06,246,246,0,[],1.0
20220310-07,246,246,0,[],1.0
20220310-08,244,246,2,"['ActDepartment', 'AddressBookRemark']",0.9919
20220310-09,246,246,0,[],1.0
20220310-10,245,246,1,['AddressBookRemark'],0.9959
20220310-11,245,246,1,['AddressBookCompany'],0.9959
20220310-12,244,246,2,"['AddressBookExpense', 'AddressBookRemark']",0.9919
20220310-13,244,246,2,"['AddressBookAgentPort', 'AddressBookRemark']",0.9919
20220310-14,246,246,0,[],1.0
20220310-15,244,246,2,"['AddressBookCompany', 'AddressBookRemark']",0.9919
20220310-16,245,246,1,['AddressBookRemark'],0.9959
20220310-17,246,246,0,[],1.0
20220310-18,245,246,1,['ActDepartment'],0.9959
20220310-19,244,246,2,"['AddressBookCompany', 'AddressBookExpense']",0.9919
20220310-20,246,246,0,[],1.0
20220310-21,246,246,0,[],1.0
20220310-22,246,246,0,[],1.0
20220310-23,245,246,1,['AddressBookRemark'],0.9959
20220311-00,246,246,0,[],1.0
20220311-01,246,246,0,[],1.0
20220311-02,246,246,0,[],1.0
20220311-03,245,246,1,['AddressBookCompany'],0.9959
20220311-04,246,246,0,[],1.0
20220311-05,246,246,0,[],1.0
20220311-06,246,246,0,[],1.0
20220311-07,242,246,4,"['ActDepartment', 'AddressBookAgentPort', 'AddressBookCompany', 'AddressBookExpense']",0.9837
20220311-08,245,246,1,['AddressBookUserDefinedFields'],0.9959
20220311-09,246,246,0,[],1.0
20220311-10,245,246,1,['ActDepartment'],0.9959
20220311-11,246,246,0,[],1.0
20220311-12,245,246,1,['ActDepartment'],0.9959
20220311-13,246,246,0,[],1.0
20220311-14,246,246,0,[],1.0
20220311-15,245,246,1,['ActDepartment'],0.9959
20220311-16,241,246,5,"['AddressBookAgentPort', 'AddressBookCompany', 'AddressBookExpense', 'AddressBookRemark', 'AddressBookUserDefinedFields']",0.9797
20220311-17,245,246,1,['AddressBookCompany'],0.9959
20220311-18,245,246,1,['AddressBookCompany'],0.9959
20220311-19,243,246,3,"['AddressBookAgentPort', 'AddressBookRemark', 'AddressBookUserDefinedFields']",0.9878
20220311-20,246,246,0,[],1.0
20220311-21,246,246,0,[],1.0
20220311-22,246,246,0,[],1.0
20220311-23,246,246,0,[],1.0
20220312-00,244,246,2,"['ActDepartment', 'AddressBookExpense']",0.9919
20220312-01,245,246,1,['AddressBookAgentPort'],0.9959
20220312-02,246,246,0,[],1.0
20220312-03,246,246,0,[],1.0
20220312-04,246,246,0,[],1.0
20220312-05,243,246,3,"['AddressBookCompany', 'AddressBookRemark', 'AddressBookUserDefinedFields']",0.9878
20220312-06,241,246,5,"['ActDepartment', 'AddressBookAgentPort', 'AddressBookCompany', 'AddressBookExpense', 'AddressBookRemark']",0.9797
20220312-07,244,246,2,"['ActDepartment', 'AddressBookRemark']",0.9919
20220312-08,242,246,4,"['AddressBookCompany', 'AddressBookExpense', 'AddressBookRemark', 'AddressBookUserDefinedFields']",0.9837
20220312-09,246,246,0,[],1.0
20220312-10,245,246,1,['AddressBookCompany'],0.9959
20220312-11,246,246,0,[],1.0
20220312-12,246,246,0,[],1.0
20220312-13,244,246,2,"['AddressBookExpense', 'AddressBookRemark']",0.9919
20220312-14,242,246,4,"['ActDepartment', 'AddressBookExpense', 'AddressBookRemark', 'AddressBookUserDefinedFields']",0.9837
20220312-15,244,246,2,"['AddressBookAgentPort', 'AddressBookRemark']",0.9919
20220312-16,243,246,3,"['AddressBookAgentPort', 'AddressBookCompany', 'AddressBookRemark']",0.9878
20220312-17,244,246,2,"['ActDepartment', 'AddressBookCompany']",0.9919
20220312-18,246,246,0,[],1.0
20220312-19,245,246,1,['AddressBookExpense'],0.9959
20220312-20,246,246,0,[],1.0
20220312-21,241,246,5,"['AddressBookAgentPort', 'AddressBookCompany', 'AddressBookExpense', 'AddressBookRemark', 'AddressBookUserDefinedFields']",0.9797
20220312-22,245,246,1,['ActDepartment'],0.9959
20220312-23,245,246,1,['AddressBookAgentPort'],0.9959
20220313-00,244,246,2,"['AddressBookCompany', 'AddressBookRemark']",0.9919
20220313-01,246,246,0,[],1.0
20220313-02,245,246,1,['AddressBookExpense'],0.9959
20220313-03,243,246,3,"['ActDepartment', 'AddressBookExpense', 'AddressBookRemark']",0.9878
20220313-04,245,246,1,['AddressBookExpense'],0.9959
20220313-05,246,246,0,[],1.0
20220313-06,246,246,0,[],1.0
20220313-07,246,246,0,[],1.0
20220313-08,245,246,1,['ActDepartment'],0.9959
20220313-09,246,246,0,[],1.0
20220313-10,246,246,0,[],1.0
20220313-11,246,246,0,[],1.0
20220313-12,246,246,0,[],1.0
20220313-13,246,246,0,[],1.0
20220313-14,246,246,0,[],1.0
20220313-15,243,246,3,"['ActDepartment', 'AddressBookExpense', 'AddressBookRemark']",0.9878
20220313-16,246,246,0,[],1.0
20220313-17,245,246,1,['AddressBookCompany'],0.9959
20220313-18,246,246,0,[],1.0
20220313-19,243,246,3,"['ActDepartment', 'AddressBookExpense', 'AddressBookUserDefinedFields']",0.9878
20220313-20,246,246,0,[],1.0
20220313-21,244,246,2,"['AddressBookCompany', 'AddressBookExpense']",0.9919
20220313-22,244,246,2,"['ActDepartment', 'AddressBookCompany']",0.9919
20220313-23,245,246,1,['AddressBookAgentPort'],0.9959
20220314-00,246,246,0,[],1.0
20220314-01,246,246,0,[],1.0
20220314-02,246,246,0,[],1.0
20220314-03,245,246,1,['AddressBookExpense'],0.9959
20220314-04,245,246,1,['AddressBookRemark'],0.9959
20220314-05,246,246,0,[],1.0
20220314-06,243,246,3,"['AddressBookCompany', 'AddressBookExpense', 'AddressBookUserDefinedFields']",0.9878
20220314-07,246,246,0,[],1.0
20220314-08,246,246,0,[],1.0
20220314-09,244,246,2,"['ActDepartment', 'AddressBookCompany']",0.9919
20220314-10,246,246,0,[],1.0
20220314-11,246,246,0,[],1.0
20220314-12,244,246,2,"['AddressBookAgentPort', 'AddressBookRemark']",0.9919
20220314-13,245,246,1,['ActDepartment'],0.9959
20220314-14,246,246,0,[],1.0
20220314-15,243,246,3,"['ActDepartment', 'AddressBookRemark', 'AddressBookUserDefinedFields']",0.9878
20220314-16,246,246,0,[],1.0
20220314-17,245,246,1,['AddressBookCompany'],0.9959
20220314-18,245,246,1,['AddressBookAgentPort'],0.9959
20220314-19,246,246,0,[],1.0
20220314-20,246,246,0,[],1.0
20220314-21,243,246,3,"['AddressBookAgentPort', 'AddressBookCompany', 'AddressBookExpense']",0.9878
20220314-22,245,246,1,['AddressBookAgentPort'],0.9959
20220314-23,243,246,3,"['ActDepartment', 'AddressBookAgentPort', 'AddressBookRemark']",0.9878
20220315-00,244,246,2,"['AddressBookAgentPort', 'AddressBookExpense']",0.9919
20220315-01,244,246,2,"['AddressBookExpense', 'AddressBookRemark']",0.9919
20220315-02,244,246,2,"['AddressBookExpense', 'AddressBookUserDefinedFields']",0.9919
20220315-03,245,246,1,['ActDepartment'],0.9959
20220315-04,243,246,3,"['AddressBookExpense', 'AddressBookRemark', 'AddressBookUserDefinedFields']",0.9878
20220315-05,246,246,0,[],1.0
20220315-06,244,246,2,"['AddressBookAgentPort', 'AddressBookRemark']",0.9919
20220315-07,244,246,2,"['ActDepartment', 'AddressBookRemark']",0.9919
20220315-08,244,246,2,"['ActDepartment', 'AddressBookAgentPort']",0.9919
20220315-09,246,246,0,[],1.0
20220315-10,245,246,1,['ActDepartment'],0.9959
20220315-11,246,246,0,[],1.0
20220315-12,245,246,1,['AddressBookAgentPort'],0.9959
20220315-13,246,246,0,[],1.0
20220315-14,245,246,1,['AddressBookRemark'],0.9959
20220315-15,243,246,3,"['ActDepartment', 'AddressBookExpense', 'AddressBookUserDefinedFields']",0.9878
20220315-16,244,246,2,"['AddressBookExpense', 'AddressBookRemark']",0.9919
20220315-17,246,246,0,[],1.0
20220315-18,246,246,0,[],1.0
20220315-19,244,246,2,"['AddressBookAgentPort', 'AddressBookCompany']",0.9919
20220315-20,245,246,1,['ActDepartment'],0.9959
20220315-21,243,246,3,"['ActDepartment', 'AddressBookAgentPort', 'AddressBookRemark']",0.9878
20220315-22,246,246,0,[],1.0
20220315-23,246,246,0,[],1.0
20220316-00,245,246,1,['AddressBookAgentPort'],0.9959
20220316-01,245,246,1,['AddressBookCompany'],0.9959
20220316-02,246,246,0,[],1.0
20220316-03,246,246,0,[],1.0
20220316-04,246,246,0,[],1.0
20220316-05,246,246,0,[],1.0
20220316-06,244,246,2,"['AddressBookAgentPort', 'AddressBookExpense']",0.9919
20220316-07,245,246,1,['AddressBookCompany'],0.9959
20220316-08,243,246,3,"['ActDepartment', 'AddressBookAgentPort', 'AddressBookExpense']",0.9878
20220316-09,246,246,0,[],1.0
20220316-10,246,246,0,[],1.0
20220316-11,244,246,2,"['ActDepartment', 'AddressBookAgentPort']",0.9919
20220316-12,244,246,2,"['AddressBookAgentPort', 'AddressBookCompany']",0.9919
20220316-13,246,246,0,[],1.0
20220316-14,246,246,0,[],1.0
20220316-16,243,246,3,"['AddressBookAgentPort', 'AddressBookCompany', 'AddressBookExpense']",0.9878
20220316-17,246,246,0,[],1.0
20220316-23,245,246,1,['AddressBookExpense'],0.9959
20220317-00,245,246,1,['ActDepartment'],0.9959
20220317-01,245,246,1,['AddressBookCompany'],0.9959
20220317-02,245,246,1,['AddressBookRemark'],0.9959
20220317-03,246,246,0,[],1.0
20220317-04,244,246,2,"['AddressBookCompany', 'AddressBookRemark']",0.9919
20220317-05,246,246,0,[],1.0
20220317-06,246,246,0,[],1.0
20220317-07,245,246,1,['Pool'],0.9959
20220317-08,246,246,0,[],1.0
20220317-09,246,246,0,[],1.0
20220317-10,245,246,1,['UnitOfMeasure'],0.9959
20220317-11,246,246,0,[],1.0
20220317-12,244,246,2,"['CorrelationProfile', 'MarketPosition']",0.9919
20220317-13,246,246,0,[],1.0
20220317-14,245,246,1,['TradeIndex'],0.9959
20220317-15,240,246,6,"['AddressBookAgentPort', 'FinancialsInvoiceDetailCargoAllocation', 'ImosUser', 'ObjectApproval', 'TimeCharterProfitShare', 'VesselInspection']",0.9756
20220317-16,243,246,3,"['AddressBookAgentPort', 'FuelLubeType', 'StandardExpense']",0.9878
20220317-17,245,246,1,['VoyageCargoHandlingStowage'],0.9959
20220317-18,245,246,1,['AddressBookExpense'],0.9959
20220317-19,245,246,1,['VesselTank'],0.9959
20220317-20,245,246,1,['PaymentTerm'],0.9959
20220317-21,244,246,2,"['PaymentBatchDetails', 'TradeFilterDetail']",0.9919
20220317-22,246,246,0,[],1.0
20220317-23,245,246,1,['HeadFixturePurchaseSale'],0.9959
20220318-00,246,246,0,[],1.0
20220318-01,246,246,0,[],1.0
20220318-02,246,246,0,[],1.0
20220318-03,243,246,3,"['HeadFixturePurchaseSale', 'LoadlineZoneDetails', 'VoyageEstimatePortExpense']",0.9878
20220318-04,246,246,0,[],1.0
20220318-05,246,246,0,[],1.0
20220318-06,244,246,2,"['PoolingDistributionPremium', 'PortCargoCompatBerth']",0.9919
20220318-07,245,246,1,['AddressBookAgentPort'],0.9959
20220318-08,246,246,0,[],1.0
20220318-09,245,246,1,['AddressBookAgentPort'],0.9959
20220318-10,246,246,0,[],1.0
20220318-11,246,246,0,[],1.0
20220318-12,246,246,0,[],1.0
20220318-13,246,246,0,[],1.0
20220318-14,246,246,0,[],1.0
20220318-15,244,246,2,"['ActDepartment', 'AddressBookAgentPort']",0.9919
20220318-16,245,246,1,['AddressBookCompany'],0.9959
20220318-17,245,246,1,['AddressBookCompany'],0.9959
20220318-18,246,246,0,[],1.0
20220318-19,245,246,1,['AddressBookAgentPort'],0.9959
20220318-20,244,246,2,"['AddressBookCompany', 'AddressBookExpense']",0.9919
20220318-21,246,246,0,[],1.0
20220318-22,246,246,0,[],1.0
20220318-23,246,246,0,[],1.0
20220319-00,245,246,1,['AddressBookAgentPort'],0.9959
20220319-01,245,246,1,['ActDepartment'],0.9959
20220319-02,244,246,2,"['ActDepartment', 'AddressBookExpense']",0.9919
20220319-03,245,246,1,['AddressBookExpense'],0.9959
20220319-04,246,246,0,[],1.0
20220319-05,244,246,2,"['ActDepartment', 'AddressBookExpense']",0.9919
20220319-06,246,246,0,[],1.0
20220319-07,244,246,2,"['AddressBookCompany', 'AddressBookExpense']",0.9919
20220319-08,241,246,5,"['ActDepartment', 'AddressBookAgentPort', 'AddressBookCompany', 'AddressBookContact', 'AddressBookExpense']",0.9797
20220319-10,246,246,0,[],1.0
20220319-11,244,246,2,"['AddressBookAgentPort', 'AddressBookExpense']",0.9919
20220319-12,246,246,0,[],1.0
20220319-13,244,246,2,"['ActDepartment', 'AddressBookCompany']",0.9919
20220319-14,246,246,0,[],1.0
20220319-18,244,246,2,"['AddressBookCompany', 'AddressBookExpense']",0.9919
20220319-19,246,246,0,[],1.0
20220319-20,246,246,0,[],1.0
20220319-22,246,246,0,[],1.0
20220319-23,246,246,0,[],1.0
20220320-00,246,246,0,[],1.0
20220320-01,246,246,0,[],1.0
20220320-02,245,246,1,['AddressBookAgentPort'],0.9959
20220320-03,244,246,2,"['ActDepartment', 'AddressBookCompany']",0.9919
20220320-04,245,246,1,['AddressBookExpense'],0.9959
20220320-05,246,246,0,[],1.0
20220320-06,246,246,0,[],1.0
20220320-07,246,246,0,[],1.0
20220320-08,245,246,1,['ActDepartment'],0.9959
20220320-09,246,246,0,[],1.0
20220320-10,245,246,1,['AddressBookAgentPort'],0.9959
20220320-11,246,246,0,[],1.0
20220320-12,246,246,0,[],1.0
20220320-14,246,246,0,[],1.0
20220320-16,246,246,0,[],1.0
20220320-17,246,246,0,[],1.0
20220320-18,246,246,0,[],1.0
20220320-19,245,246,1,['AddressBookAgentPort'],0.9959
20220320-20,244,246,2,"['AddressBookCompany', 'AddressBookExpense']",0.9919
20220320-23,245,246,1,['AddressBookExpense'],0.9959
20220321-00,245,246,1,['AddressBookExpense'],0.9959
20220321-01,246,246,0,[],1.0
20220321-02,245,246,1,['AddressBookAgentPort'],0.9959
20220321-03,246,246,0,[],1.0
20220321-04,246,246,0,[],1.0
20220321-05,245,246,1,['AddressBookAgentPort'],0.9959
20220321-06,245,246,1,['AddressBookAgentPort'],0.9959
20220321-07,245,246,1,['AddressBookExpense'],0.9959
20220321-08,246,246,0,[],1.0
20220321-09,245,246,1,['AddressBookAgentPort'],0.9959
20220321-11,246,246,0,[],1.0
20220321-13,246,246,0,[],1.0
20220321-14,244,246,2,"['AddressBookCompany', 'AddressBookExpense']",0.9919
20220321-15,245,246,1,['ActDepartment'],0.9959
20220321-16,245,246,1,['ActDepartment'],0.9959
20220321-17,244,246,2,"['ActDepartment', 'AddressBookAgentPort']",0.9919
20220321-18,246,246,0,[],1.0
20220321-19,245,246,1,['ActDepartment'],0.9959
20220321-20,245,246,1,['AddressBookExpense'],0.9959
20220321-21,246,246,0,[],1.0
20220321-22,246,246,0,[],1.0
20220321-23,246,246,0,[],1.0
20220322-00,246,246,0,[],1.0
20220322-01,246,246,0,[],1.0
20220322-03,244,246,2,"['AddressBookAgentPort', 'AddressBookExpense']",0.9919
20220322-04,244,246,2,"['AddressBookCompany', 'AddressBookExpense']",0.9919
20220322-05,245,246,1,['AddressBookExpense'],0.9959
20220322-06,246,246,0,[],1.0
20220322-07,245,246,1,['AddressBookExpense'],0.9959
20220322-08,245,246,1,['ActDepartment'],0.9959
20220322-11,244,246,2,"['ActDepartment', 'AddressBookCompany']",0.9919
20220322-15,244,246,2,"['AddressBookAgentPort', 'AddressBookExpense']",0.9919
20220322-16,245,246,1,['ActDepartment'],0.9959
20220322-18,245,246,1,['AddressBookCompany'],0.9959
20220322-19,246,246,0,[],1.0
20220322-22,244,246,2,"['AddressBookAgentPort', 'AddressBookExpense']",0.9919
20220322-23,246,246,0,[],1.0
20220323-00,246,246,0,[],1.0
20220323-02,245,246,1,['AddressBookCompany'],0.9959
20220323-06,245,246,1,['AddressBookAgentPort'],0.9959
20220323-10,246,246,0,[],1.0
20220323-11,244,246,2,"['AddressBookAgentPort', 'AddressBookExpense']",0.9919
20220323-14,246,246,0,[],1.0
20220323-15,245,246,1,['AddressBookCompany'],0.9959
20220323-16,245,246,1,['ActDepartment'],0.9959
20220323-17,245,246,1,['ActDepartment'],0.9959
20220323-18,245,246,1,['AddressBookCompany'],0.9959
20220323-19,245,246,1,['ActDepartment'],0.9959
20220325-17,246,246,0,[],1.0
20220325-18,245,246,1,['AddressBookExpense'],0.9959
20220325-20,246,246,0,[],1.0
20220325-21,246,246,0,[],1.0
20220325-23,244,246,2,"['ActDepartment', 'AddressBookAgentPort']",0.9919
20220326-00,246,246,0,[],1.0
20220326-01,246,246,0,[],1.0
20220326-03,245,246,1,['AddressBookCompany'],0.9959
20220326-04,246,246,0,[],1.0
20220326-05,245,246,1,['AddressBookCompany'],0.9959
20220326-06,245,246,1,['AddressBookExpense'],0.9959
20220326-07,246,246,0,[],1.0
20220326-08,246,246,0,[],1.0
20220326-11,246,246,0,[],1.0
20220326-12,246,246,0,[],1.0
20220326-13,244,246,2,"['ActDepartment', 'AddressBookCompany']",0.9919
20220326-14,245,246,1,['ActDepartment'],0.9959
20220326-15,246,246,0,[],1.0
20220326-17,245,246,1,['ActDepartment'],0.9959
20220326-19,246,246,0,[],1.0
20220326-20,246,246,0,[],1.0
20220326-21,244,246,2,"['AddressBookCompany', 'AddressBookExpense']",0.9919
20220326-22,245,246,1,['AddressBookExpense'],0.9959
20220326-23,246,246,0,[],1.0
20220327-00,246,246,0,[],1.0
20220327-01,246,246,0,[],1.0
20220327-02,245,246,1,['AddressBookAgentPort'],0.9959
20220327-03,244,246,2,"['AddressBookAgentPort', 'AddressBookCompany']",0.9919
20220327-04,246,246,0,[],1.0
20220327-05,246,246,0,[],1.0
20220327-09,246,246,0,[],1.0
20220327-10,244,246,2,"['AddressBookAgentPort', 'AddressBookExpense']",0.9919
20220327-11,246,246,0,[],1.0
20220327-13,246,246,0,[],1.0
20220327-16,244,246,2,"['AddressBookAgentPort', 'AddressBookCompany']",0.9919
20220327-18,246,246,0,[],1.0
20220327-19,246,246,0,[],1.0
20220327-20,246,246,0,[],1.0
20220327-22,245,246,1,['AddressBookCompany'],0.9959
20220327-23,245,246,1,['ActDepartment'],0.9959
20220328-00,244,246,2,"['AddressBookCompany', 'AddressBookExpense']",0.9919
20220328-01,245,246,1,['AddressBookAgentPort'],0.9959
20220328-02,245,246,1,['AddressBookAgentPort'],0.9959
20220328-03,246,246,0,[],1.0
20220328-06,232,246,14,"['ActDepartment', 'ActivityReportBunkerDetail', 'FinancialsInvoice', 'Laytime', 'LaytimePortActivities', 'OperationsPaymentDetails', 'PaymentDetail', 'Task', 'VoyageActivityReport', 'VoyageEstimate', 'VoyageEstimateBunker', 'VoyageEstimateMiscExpense', 'VoyagePnlDetail', 'VoyagePnlDrilldown']",0.9431
20220328-07,235,246,11,"['ActivityReportBunkerDetail', 'FinancialsInvoice', 'LaytimePortActivities', 'OperationsPaymentDetails', 'PaymentDetail', 'VoyageActivityReport', 'VoyageEstimate', 'VoyageEstimateBunker', 'VoyageEstimateMiscExpense', 'VoyagePnlDetail', 'VoyagePnlDrilldown']",0.9553
20220328-10,230,246,16,"['ActivityReportBunkerDetail', 'AddressBookAgentPort', 'Cargo', 'FinancialsInvoice', 'LaytimePortActivities', 'LaytimePorts', 'OperationsPaymentDetails', 'PaymentDetail', 'PortExpense', 'Task', 'VoyageActivityReport', 'VoyageEstimate', 'VoyageEstimateBunker', 'VoyageEstimateMiscExpense', 'VoyagePnlDetail', 'VoyagePnlDrilldown']",0.935
20220328-11,246,246,0,[],1.0
20220328-12,246,246,0,[],1.0
20220328-13,246,246,0,[],1.0
20220328-14,246,246,0,[],1.0
20220328-15,246,246,0,[],1.0
20220328-17,246,246,0,[],1.0
20220328-18,246,246,0,[],1.0
20220328-19,245,246,1,['AddressBookAgentPort'],0.9959
20220328-20,246,246,0,[],1.0
20220328-21,246,246,0,[],1.0
20220328-22,246,246,0,[],1.0
20220329-00,246,246,0,[],1.0
20220329-01,246,246,0,[],1.0
20220329-02,232,246,14,"['EstimateCargoes', 'LaytimePorts', 'PortCargoCompat', 'SharedResources', 'StandardRate', 'TimeCharterBroker', 'TimeCharterExtra', 'TradeFilterDetail', 'Vessel', 'VesselDraft', 'VesselDraftMarks', 'VesselSeaConsBunker', 'VesselUserDefinedFields', 'VoyageUserDefinedFields']",0.9431
20220329-03,228,246,18,"['AddressBookExpense', 'BenchmarkEstimate', 'BenchmarkEstimateBunker', 'BunkerExposure', 'BunkerLiftingDetail', 'FinancialsInvoice', 'ImosUser', 'ObjectAccess', 'PortVessel', 'PortVesselBerth', 'StandardRate', 'Team', 'TimeCharterHire', 'TimeCharterPortConsumption', 'TimeCharterSeaConsumptionBunker', 'TimeCharterWarrantyDelayExclusion', 'User', 'VesselHold']",0.9268
20220329-04,234,246,12,"['ActDepartment', 'CargoBookingStowage', 'Currency', 'MarketPositionSource', 'PoolAssignmentPremium', 'TankCondition', 'TimeCharterProfitShare', 'TimeCharterSeaConsumption', 'TradePnl', 'TradeSnapshot', 'VoyageCargoHandlingDocument', 'VoyageCargoTransfer']",0.9512
20220329-05,246,246,0,[],1.0
20220329-06,246,246,0,[],1.0
20220329-08,246,246,0,[],1.0
20220329-09,246,246,0,[],1.0
20220329-10,246,246,0,[],1.0
20220329-11,246,246,0,[],1.0
20220329-12,246,246,0,[],1.0
20220329-14,246,246,0,[],1.0
20220329-15,246,246,0,[],1.0
20220329-16,246,246,0,[],1.0
20220329-17,246,246,0,[],1.0
20220329-18,246,246,0,[],1.0
20220329-19,246,246,0,[],1.0
20220329-20,246,246,0,[],1.0
20220329-21,246,246,0,[],1.0
20220329-22,246,246,0,[],1.0
20220329-23,246,246,0,[],1.0
20220330-00,246,246,0,[],1.0
20220330-01,246,246,0,[],1.0
20220330-02,246,246,0,[],1.0
20220330-03,246,246,0,[],1.0
20220330-04,246,246,0,[],1.0
20220330-05,246,246,0,[],1.0
20220330-06,246,246,0,[],1.0
20220330-07,246,246,0,[],1.0
20220330-08,246,246,0,[],1.0
20220330-09,246,246,0,[],1.0
20220330-10,246,246,0,[],1.0
20220330-11,246,246,0,[],1.0
20220330-12,246,246,0,[],1.0
20220330-13,246,246,0,[],1.0
20220330-14,246,246,0,[],1.0
20220330-15,246,246,0,[],1.0
20220330-16,246,246,0,[],1.0
20220330-17,246,246,0,[],1.0
20220330-18,246,246,0,[],1.0
20220330-19,246,246,0,[],1.0
20220330-20,246,246,0,[],1.0
20220330-21,246,246,0,[],1.0
20220330-22,246,246,0,[],1.0
20220330-23,246,246,0,[],1.0
20220331-00,246,246,0,[],1.0
20220331-01,246,246,0,[],1.0
20220331-02,246,246,0,[],1.0
20220331-03,246,246,0,[],1.0
20220331-04,246,246,0,[],1.0
20220331-07,246,246,0,[],1.0
20220331-08,246,246,0,[],1.0
20220331-09,246,246,0,[],1.0
20220331-10,246,246,0,[],1.0
20220331-12,246,246,0,[],1.0
20220331-14,246,246,0,[],1.0
20220331-15,246,246,0,[],1.0
20220331-16,246,246,0,[],1.0
20220331-17,246,246,0,[],1.0
20220331-18,246,246,0,[],1.0
20220331-19,246,246,0,[],1.0
20220331-20,246,246,0,[],1.0
20220331-21,246,246,0,[],1.0
20220331-22,246,246,0,[],1.0
20220331-23,246,246,0,[],1.0
20220401-00,246,246,0,[],1.0
20220401-01,246,246,0,[],1.0
20220401-02,246,246,0,[],1.0
20220401-03,246,246,0,[],1.0
20220401-04,246,246,0,[],1.0
20220401-05,246,246,0,[],1.0
20220401-06,246,246,0,[],1.0
20220401-07,246,246,0,[],1.0
20220401-08,246,246,0,[],1.0
20220401-09,246,246,0,[],1.0
20220401-10,246,246,0,[],1.0
20220401-11,246,246,0,[],1.0
20220401-12,246,246,0,[],1.0
20220401-13,246,246,0,[],1.0
20220401-14,246,246,0,[],1.0
20220401-15,246,246,0,[],1.0
20220401-16,246,246,0,[],1.0
20220401-17,246,246,0,[],1.0
20220401-18,246,246,0,[],1.0
20220401-19,246,246,0,[],1.0
20220401-20,246,246,0,[],1.0
20220401-21,246,246,0,[],1.0
20220401-22,246,246,0,[],1.0
20220401-23,246,246,0,[],1.0
20220402-00,246,246,0,[],1.0
20220402-01,246,246,0,[],1.0
20220402-02,246,246,0,[],1.0
20220402-03,246,246,0,[],1.0
20220402-04,246,246,0,[],1.0
20220402-05,246,246,0,[],1.0
20220404-13,246,246,0,[],1.0
20220404-14,246,246,0,[],1.0
20220404-15,246,246,0,[],1.0
20220404-16,246,246,0,[],1.0
20220404-17,246,246,0,[],1.0
20220404-18,246,246,0,[],1.0
20220404-19,246,246,0,[],1.0
20220404-20,246,246,0,[],1.0
20220404-21,246,246,0,[],1.0
20220404-22,246,246,0,[],1.0
20220404-23,246,246,0,[],1.0
20220405-00,246,246,0,[],1.0
20220405-01,246,246,0,[],1.0
20220405-02,246,246,0,[],1.0
20220405-03,246,246,0,[],1.0
20220405-04,246,246,0,[],1.0
20220405-05,246,246,0,[],1.0
20220405-06,246,246,0,[],1.0
20220405-07,246,246,0,[],1.0
20220405-08,246,246,0,[],1.0
20220405-09,246,246,0,[],1.0
20220405-10,246,246,0,[],1.0
20220405-12,246,246,0,[],1.0
20220405-15,246,246,0,[],1.0
20220405-16,246,246,0,[],1.0
20220405-17,246,246,0,[],1.0
20220405-18,246,246,0,[],1.0
20220405-19,246,246,0,[],1.0
20220405-20,246,246,0,[],1.0
20220405-21,246,246,0,[],1.0
20220405-22,246,246,0,[],1.0
20220405-23,246,246,0,[],1.0
20220406-00,246,246,0,[],1.0
20220406-01,246,246,0,[],1.0
20220406-02,246,246,0,[],1.0
20220406-03,246,246,0,[],1.0
20220406-04,246,246,0,[],1.0
20220406-05,246,246,0,[],1.0
20220406-06,246,246,0,[],1.0
20220406-08,246,246,0,[],1.0
20220406-09,246,246,0,[],1.0
20220406-10,246,246,0,[],1.0
20220406-11,246,246,0,[],1.0
20220406-12,246,246,0,[],1.0
20220406-13,246,246,0,[],1.0
20220406-14,246,246,0,[],1.0
20220406-15,246,246,0,[],1.0
20220406-16,246,246,0,[],1.0
20220406-17,246,246,0,[],1.0
20220406-18,246,246,0,[],1.0
20220406-19,246,246,0,[],1.0
20220406-20,246,246,0,[],1.0
20220406-22,246,246,0,[],1.0
20220406-23,246,246,0,[],1.0
20220407-00,246,246,0,[],1.0
20220407-01,246,246,0,[],1.0
20220407-03,246,246,0,[],1.0
20220407-04,246,246,0,[],1.0
20220407-05,246,246,0,[],1.0
20220407-06,246,246,0,[],1.0
20220407-07,246,246,0,[],1.0
20220407-08,246,246,0,[],1.0
20220407-09,246,246,0,[],1.0
20220407-10,246,246,0,[],1.0
20220407-11,246,246,0,[],1.0
20220407-12,246,246,0,[],1.0
20220407-13,246,246,0,[],1.0
20220407-14,246,246,0,[],1.0
20220407-15,246,246,0,[],1.0
20220407-16,246,246,0,[],1.0
20220407-17,246,246,0,[],1.0
20220407-18,246,246,0,[],1.0
20220407-19,246,246,0,[],1.0
20220407-20,246,246,0,[],1.0
20220407-21,246,246,0,[],1.0
20220407-22,246,246,0,[],1.0
20220407-23,246,246,0,[],1.0
20220408-00,246,246,0,[],1.0
20220408-01,246,246,0,[],1.0
20220408-02,246,246,0,[],1.0
20220408-03,246,246,0,[],1.0
20220408-04,246,246,0,[],1.0
20220408-05,246,246,0,[],1.0
20220408-06,246,246,0,[],1.0
20220408-07,246,246,0,[],1.0
20220408-08,246,246,0,[],1.0
20220408-09,246,246,0,[],1.0
20220408-10,246,246,0,[],1.0
20220408-11,246,246,0,[],1.0
20220408-12,246,246,0,[],1.0
20220408-13,246,246,0,[],1.0
20220408-14,246,246,0,[],1.0
20220408-15,246,246,0,[],1.0
20220408-16,246,246,0,[],1.0
20220408-17,246,246,0,[],1.0
20220408-18,246,246,0,[],1.0
20220408-19,246,246,0,[],1.0
20220408-20,246,246,0,[],1.0
20220408-21,246,246,0,[],1.0
20220408-22,246,246,0,[],1.0
20220408-23,246,246,0,[],1.0
20220409-00,246,246,0,[],1.0
20220409-01,246,246,0,[],1.0
20220409-02,246,246,0,[],1.0
20220409-03,246,246,0,[],1.0
20220409-04,246,246,0,[],1.0
20220409-05,246,246,0,[],1.0
20220409-06,246,246,0,[],1.0
20220409-07,246,246,0,[],1.0
20220409-08,246,246,0,[],1.0
20220409-09,246,246,0,[],1.0
20220409-10,246,246,0,[],1.0
20220409-11,246,246,0,[],1.0
20220409-12,246,246,0,[],1.0
20220409-13,246,246,0,[],1.0
20220409-14,246,246,0,[],1.0
20220409-15,246,246,0,[],1.0
20220409-16,246,246,0,[],1.0
20220409-17,246,246,0,[],1.0
20220409-18,246,246,0,[],1.0
20220409-19,246,246,0,[],1.0
20220409-20,246,246,0,[],1.0
20220409-21,246,246,0,[],1.0
20220409-22,246,246,0,[],1.0
20220409-23,246,246,0,[],1.0
20220410-00,246,246,0,[],1.0
20220410-01,246,246,0,[],1.0
20220410-02,246,246,0,[],1.0
20220410-03,246,246,0,[],1.0
20220410-04,246,246,0,[],1.0
20220410-05,246,246,0,[],1.0
20220410-06,246,246,0,[],1.0
20220410-07,246,246,0,[],1.0
20220410-08,246,246,0,[],1.0
20220410-09,246,246,0,[],1.0
20220410-10,246,246,0,[],1.0
20220410-11,246,246,0,[],1.0
20220410-12,246,246,0,[],1.0
20220410-13,246,246,0,[],1.0
20220410-14,246,246,0,[],1.0
20220410-15,246,246,0,[],1.0
20220410-16,246,246,0,[],1.0
20220410-17,246,246,0,[],1.0
20220410-18,246,246,0,[],1.0
20220410-19,246,246,0,[],1.0
20220410-20,246,246,0,[],1.0
20220410-21,246,246,0,[],1.0
20220410-22,246,246,0,[],1.0
20220410-23,246,246,0,[],1.0
20220411-00,246,246,0,[],1.0
20220411-01,246,246,0,[],1.0
20220411-02,246,246,0,[],1.0
20220411-03,246,246,0,[],1.0
20220411-04,246,246,0,[],1.0
20220411-05,246,246,0,[],1.0
20220411-06,246,246,0,[],1.0
20220411-07,246,246,0,[],1.0
20220411-08,246,246,0,[],1.0
20220411-09,246,246,0,[],1.0
20220411-10,246,246,0,[],1.0
20220411-11,246,246,0,[],1.0
20220411-12,246,246,0,[],1.0
20220411-13,246,246,0,[],1.0
20220411-14,246,246,0,[],1.0
20220411-15,246,246,0,[],1.0
20220411-16,246,246,0,[],1.0
20220411-17,246,246,0,[],1.0
20220411-18,246,246,0,[],1.0
20220411-19,246,246,0,[],1.0
20220411-20,246,246,0,[],1.0
20220411-21,246,246,0,[],1.0
20220411-22,246,246,0,[],1.0
20220411-23,246,246,0,[],1.0
20220412-00,246,246,0,[],1.0
20220412-01,246,246,0,[],1.0
20220412-02,246,246,0,[],1.0
20220412-03,246,246,0,[],1.0
20220412-04,246,246,0,[],1.0
20220412-05,246,246,0,[],1.0
20220412-06,246,246,0,[],1.0
20220412-07,246,246,0,[],1.0
20220412-08,246,246,0,[],1.0
20220412-09,246,246,0,[],1.0
20220412-10,246,246,0,[],1.0
20220412-11,246,246,0,[],1.0
20220412-12,246,246,0,[],1.0
20220412-13,246,246,0,[],1.0
20220412-14,246,246,0,[],1.0
20220412-15,246,246,0,[],1.0
20220412-16,246,246,0,[],1.0
20220412-17,246,246,0,[],1.0
20220412-18,246,246,0,[],1.0
20220412-19,246,246,0,[],1.0
20220412-20,246,246,0,[],1.0
20220412-21,246,246,0,[],1.0
20220412-22,246,246,0,[],1.0
20220412-23,246,246,0,[],1.0
20220413-00,246,246,0,[],1.0
20220413-01,246,246,0,[],1.0
20220413-02,246,246,0,[],1.0
20220413-03,246,246,0,[],1.0
20220413-04,246,246,0,[],1.0
20220413-05,246,246,0,[],1.0
20220413-06,246,246,0,[],1.0
20220413-07,246,246,0,[],1.0
20220413-08,246,246,0,[],1.0
20220413-09,246,246,0,[],1.0
20220413-10,246,246,0,[],1.0
20220413-11,246,246,0,[],1.0
20220413-12,246,246,0,[],1.0
20220413-13,246,246,0,[],1.0
20220413-14,246,246,0,[],1.0
20220413-15,246,246,0,[],1.0
20220413-16,246,246,0,[],1.0
20220413-17,246,246,0,[],1.0
20220413-18,246,246,0,[],1.0
20220413-19,246,246,0,[],1.0
20220413-20,246,246,0,[],1.0
20220413-21,246,246,0,[],1.0
20220413-22,246,246,0,[],1.0
20220413-23,246,246,0,[],1.0
20220414-00,246,246,0,[],1.0
20220414-01,246,246,0,[],1.0
20220414-02,246,246,0,[],1.0
20220414-03,246,246,0,[],1.0
20220414-04,246,246,0,[],1.0
20220414-05,246,246,0,[],1.0
20220414-06,246,246,0,[],1.0
20220414-07,246,246,0,[],1.0
20220414-08,246,246,0,[],1.0
20220414-09,246,246,0,[],1.0
20220414-10,246,246,0,[],1.0
20220414-11,246,246,0,[],1.0
20220414-12,246,246,0,[],1.0
20220414-13,246,246,0,[],1.0
20220414-14,246,246,0,[],1.0
20220414-15,246,246,0,[],1.0
20220414-16,246,246,0,[],1.0
20220414-17,246,246,0,[],1.0
20220414-18,246,246,0,[],1.0
20220414-19,246,246,0,[],1.0
20220414-20,246,246,0,[],1.0
20220414-21,246,246,0,[],1.0
20220414-22,246,246,0,[],1.0
20220414-23,246,246,0,[],1.0
20220415-00,246,246,0,[],1.0
20220415-01,246,246,0,[],1.0
20220415-02,246,246,0,[],1.0
20220415-03,246,246,0,[],1.0
20220415-04,246,246,0,[],1.0
20220415-05,246,246,0,[],1.0
20220415-06,246,246,0,[],1.0
20220415-07,246,246,0,[],1.0
20220415-08,246,246,0,[],1.0
20220415-09,246,246,0,[],1.0
20220415-10,246,246,0,[],1.0
20220415-11,246,246,0,[],1.0
20220415-12,246,246,0,[],1.0
20220415-13,246,246,0,[],1.0
20220415-14,246,246,0,[],1.0
20220415-15,246,246,0,[],1.0
20220415-16,246,246,0,[],1.0
20220415-17,246,246,0,[],1.0
20220415-18,246,246,0,[],1.0
20220415-19,246,246,0,[],1.0
20220415-20,246,246,0,[],1.0
20220415-21,246,246,0,[],1.0
20220415-22,246,246,0,[],1.0
20220415-23,246,246,0,[],1.0
20220416-00,246,246,0,[],1.0
20220416-01,246,246,0,[],1.0
20220416-02,246,246,0,[],1.0
20220416-03,246,246,0,[],1.0
20220416-04,246,246,0,[],1.0
20220416-05,246,246,0,[],1.0
20220416-06,246,246,0,[],1.0
20220416-07,246,246,0,[],1.0
20220416-08,246,246,0,[],1.0
20220416-09,246,246,0,[],1.0
20220416-10,246,246,0,[],1.0
20220416-11,246,246,0,[],1.0
20220416-12,246,246,0,[],1.0
20220416-13,246,246,0,[],1.0
20220416-14,246,246,0,[],1.0
20220416-15,246,246,0,[],1.0
20220416-16,246,246,0,[],1.0
20220416-17,246,246,0,[],1.0
20220416-18,246,246,0,[],1.0
20220416-19,246,246,0,[],1.0
20220416-20,246,246,0,[],1.0
20220416-21,246,246,0,[],1.0
20220416-22,246,246,0,[],1.0
20220416-23,246,246,0,[],1.0
20220417-00,246,246,0,[],1.0
20220417-01,246,246,0,[],1.0
20220417-02,246,246,0,[],1.0
20220417-03,246,246,0,[],1.0
20220417-04,246,246,0,[],1.0
20220417-05,246,246,0,[],1.0
20220417-06,246,246,0,[],1.0
20220417-07,246,246,0,[],1.0
20220417-08,246,246,0,[],1.0
20220417-09,246,246,0,[],1.0
20220417-10,246,246,0,[],1.0
20220417-11,246,246,0,[],1.0
20220417-12,246,246,0,[],1.0
20220417-13,246,246,0,[],1.0
20220417-14,246,246,0,[],1.0
20220417-15,246,246,0,[],1.0
20220417-16,246,246,0,[],1.0
20220417-17,246,246,0,[],1.0
20220417-18,246,246,0,[],1.0
20220417-19,246,246,0,[],1.0
20220417-20,246,246,0,[],1.0
20220417-21,246,246,0,[],1.0
20220417-22,246,246,0,[],1.0
20220417-23,246,246,0,[],1.0
20220418-00,246,246,0,[],1.0
20220418-01,246,246,0,[],1.0
20220418-02,246,246,0,[],1.0
20220418-03,246,246,0,[],1.0
20220418-04,246,246,0,[],1.0
20220418-05,246,246,0,[],1.0
20220418-06,246,246,0,[],1.0
20220418-07,246,246,0,[],1.0
20220418-08,246,246,0,[],1.0
20220418-09,246,246,0,[],1.0
20220418-10,246,246,0,[],1.0
20220418-11,246,246,0,[],1.0
20220418-12,246,246,0,[],1.0
20220418-13,246,246,0,[],1.0
20220418-14,246,246,0,[],1.0
20220418-15,246,246,0,[],1.0
20220418-16,246,246,0,[],1.0
20220418-17,246,246,0,[],1.0
20220418-18,246,246,0,[],1.0
20220418-19,246,246,0,[],1.0
20220418-20,246,246,0,[],1.0
20220418-21,246,246,0,[],1.0
20220418-22,246,246,0,[],1.0
20220418-23,246,246,0,[],1.0
20220419-00,246,246,0,[],1.0
20220419-01,246,246,0,[],1.0
20220419-02,246,246,0,[],1.0
20220419-03,246,246,0,[],1.0
20220419-04,246,246,0,[],1.0
20220419-05,246,246,0,[],1.0
20220419-06,246,246,0,[],1.0
20220419-07,246,246,0,[],1.0
20220419-08,246,246,0,[],1.0
20220419-09,246,246,0,[],1.0
20220419-10,246,246,0,[],1.0
20220419-11,246,246,0,[],1.0
20220419-12,246,246,0,[],1.0
20220419-13,246,246,0,[],1.0
20220419-14,246,246,0,[],1.0
20220419-15,246,246,0,[],1.0
20220419-16,246,246,0,[],1.0
20220419-17,246,246,0,[],1.0
20220419-18,246,246,0,[],1.0
20220419-19,246,246,0,[],1.0
20220419-20,246,246,0,[],1.0
20220419-21,246,246,0,[],1.0
20220419-22,246,246,0,[],1.0
20220419-23,246,246,0,[],1.0
20220420-00,246,246,0,[],1.0
20220420-01,246,246,0,[],1.0
20220420-02,246,246,0,[],1.0
20220420-03,246,246,0,[],1.0
20220420-04,246,246,0,[],1.0
20220420-05,246,246,0,[],1.0
20220420-06,246,246,0,[],1.0
20220420-07,246,246,0,[],1.0
20220420-08,246,246,0,[],1.0
20220420-09,246,246,0,[],1.0
20220420-10,246,246,0,[],1.0
20220420-11,246,246,0,[],1.0
20220420-12,246,246,0,[],1.0
20220420-13,246,246,0,[],1.0
20220420-14,246,246,0,[],1.0
20220420-15,246,246,0,[],1.0
20220420-16,246,246,0,[],1.0
20220420-17,246,246,0,[],1.0
20220420-18,246,246,0,[],1.0
20220420-19,246,246,0,[],1.0
20220420-20,246,246,0,[],1.0
20220420-21,246,246,0,[],1.0
20220420-22,246,246,0,[],1.0
20220420-23,246,246,0,[],1.0
20220421-00,246,246,0,[],1.0
20220421-01,246,246,0,[],1.0
20220421-02,246,246,0,[],1.0
20220421-03,246,246,0,[],1.0
20220421-04,246,246,0,[],1.0
20220421-05,246,246,0,[],1.0
20220421-06,246,246,0,[],1.0
20220421-07,246,246,0,[],1.0
20220421-08,246,246,0,[],1.0
20220421-09,246,246,0,[],1.0
20220421-10,246,246,0,[],1.0
20220421-11,246,246,0,[],1.0
20220421-12,246,246,0,[],1.0
20220421-13,246,246,0,[],1.0
20220421-14,246,246,0,[],1.0
20220421-15,246,246,0,[],1.0
20220421-16,246,246,0,[],1.0
20220421-17,246,246,0,[],1.0
20220421-18,246,246,0,[],1.0
20220421-19,246,246,0,[],1.0
20220421-20,246,246,0,[],1.0
20220421-21,246,246,0,[],1.0
20220421-22,246,246,0,[],1.0
20220421-23,246,246,0,[],1.0
20220422-00,246,246,0,[],1.0
20220422-01,246,246,0,[],1.0
20220422-02,246,246,0,[],1.0
20220422-03,246,246,0,[],1.0
20220422-04,246,246,0,[],1.0
20220422-05,246,246,0,[],1.0
20220422-06,246,246,0,[],1.0
20220422-07,246,246,0,[],1.0
20220422-08,246,246,0,[],1.0
20220422-09,246,246,0,[],1.0
20220422-10,246,246,0,[],1.0
20220422-11,246,246,0,[],1.0
20220422-12,246,246,0,[],1.0
20220422-13,246,246,0,[],1.0
20220422-14,247,247,0,[],1.0
20220422-15,247,247,0,[],1.0
20220422-16,247,247,0,[],1.0
20220422-17,247,247,0,[],1.0
20220422-18,247,247,0,[],1.0
20220422-19,247,247,0,[],1.0
20220422-20,247,247,0,[],1.0
20220422-21,247,247,0,[],1.0
20220422-22,247,247,0,[],1.0
20220422-23,247,247,0,[],1.0
20220423-00,247,247,0,[],1.0
20220423-01,247,247,0,[],1.0
20220423-02,247,247,0,[],1.0
20220423-03,247,247,0,[],1.0
20220423-04,247,247,0,[],1.0
20220423-05,247,247,0,[],1.0
20220423-06,247,247,0,[],1.0
20220423-07,247,247,0,[],1.0
20220423-08,247,247,0,[],1.0
20220423-09,247,247,0,[],1.0
20220423-10,247,247,0,[],1.0
20220423-11,247,247,0,[],1.0
20220423-12,247,247,0,[],1.0
20220423-13,247,247,0,[],1.0
20220423-16,247,247,0,[],1.0
20220423-17,247,247,0,[],1.0
20220423-18,246,247,1,['FinancialsInvoiceDetail'],0.996
20220423-19,246,247,1,['FinancialsInvoiceDetail'],0.996
20220423-20,246,247,1,['FinancialsInvoiceDetail'],0.996
20220423-21,246,247,1,['FinancialsInvoiceDetail'],0.996
20220423-22,246,247,1,['FinancialsInvoiceDetail'],0.996
20220423-23,246,247,1,['FinancialsInvoiceDetail'],0.996
20220424-00,246,247,1,['FinancialsInvoiceDetail'],0.996
20220424-01,246,247,1,['FinancialsInvoiceDetail'],0.996
20220424-02,246,247,1,['FinancialsInvoiceDetail'],0.996
20220424-03,246,247,1,['FinancialsInvoiceDetail'],0.996
20220424-04,246,247,1,['FinancialsInvoiceDetail'],0.996
20220424-05,247,247,0,[],1.0
20220424-06,247,247,0,[],1.0
20220424-07,247,247,0,[],1.0
20220424-08,247,247,0,[],1.0
20220424-09,247,247,0,[],1.0
20220424-10,247,247,0,[],1.0
20220424-11,247,247,0,[],1.0
20220424-12,247,247,0,[],1.0
20220424-13,247,247,0,[],1.0
20220424-14,247,247,0,[],1.0
20220424-15,247,247,0,[],1.0
20220424-16,247,247,0,[],1.0
20220424-17,247,247,0,[],1.0
20220424-18,247,247,0,[],1.0
20220424-19,247,247,0,[],1.0
20220424-20,247,247,0,[],1.0
20220424-21,247,247,0,[],1.0
20220424-22,247,247,0,[],1.0
20220424-23,247,247,0,[],1.0
20220425-00,247,247,0,[],1.0
20220425-01,247,247,0,[],1.0
20220425-02,247,247,0,[],1.0
20220425-03,247,247,0,[],1.0
20220425-04,247,247,0,[],1.0
20220425-05,247,247,0,[],1.0
20220425-06,247,247,0,[],1.0
20220425-07,247,247,0,[],1.0
20220425-08,247,247,0,[],1.0
20220425-09,247,247,0,[],1.0
20220425-10,247,247,0,[],1.0
20220425-11,247,247,0,[],1.0
20220425-12,247,247,0,[],1.0
20220425-13,247,247,0,[],1.0
20220425-14,247,247,0,[],1.0
20220425-15,247,247,0,[],1.0
20220425-16,247,247,0,[],1.0
20220425-17,247,247,0,[],1.0
20220425-18,247,247,0,[],1.0
20220425-19,247,247,0,[],1.0
20220425-20,247,247,0,[],1.0
20220425-21,247,247,0,[],1.0
20220425-22,247,247,0,[],1.0
20220425-23,247,247,0,[],1.0
20220426-00,247,247,0,[],1.0
20220426-01,247,247,0,[],1.0
20220426-02,247,247,0,[],1.0
20220426-03,247,247,0,[],1.0
20220426-04,247,247,0,[],1.0
20220426-05,247,247,0,[],1.0
20220426-06,247,247,0,[],1.0
20220426-07,247,247,0,[],1.0
20220426-08,247,247,0,[],1.0
20220426-09,247,247,0,[],1.0
20220426-10,247,247,0,[],1.0
20220426-11,247,247,0,[],1.0
20220426-12,247,247,0,[],1.0
20220426-13,247,247,0,[],1.0
20220426-14,247,247,0,[],1.0
20220426-15,247,247,0,[],1.0
20220426-16,247,247,0,[],1.0
20220426-17,247,247,0,[],1.0
20220426-18,247,247,0,[],1.0
20220426-19,247,247,0,[],1.0
20220426-20,247,247,0,[],1.0
20220426-21,247,247,0,[],1.0
20220426-22,247,247,0,[],1.0
20220426-23,247,247,0,[],1.0
20220427-00,247,247,0,[],1.0
20220427-01,247,247,0,[],1.0
20220427-02,247,247,0,[],1.0
20220427-03,247,247,0,[],1.0
20220427-04,247,247,0,[],1.0
20220427-05,247,247,0,[],1.0
20220427-06,247,247,0,[],1.0
20220427-07,247,247,0,[],1.0
20220427-08,247,247,0,[],1.0
20220427-09,247,247,0,[],1.0
20220427-10,247,247,0,[],1.0
20220427-11,247,247,0,[],1.0
20220427-12,247,247,0,[],1.0
20220427-13,247,247,0,[],1.0
20220427-14,247,247,0,[],1.0
20220427-15,247,247,0,[],1.0
20220427-16,247,247,0,[],1.0
20220427-17,247,247,0,[],1.0
20220427-18,247,247,0,[],1.0
20220427-19,247,247,0,[],1.0
20220427-20,247,247,0,[],1.0
20220427-21,247,247,0,[],1.0
20220427-22,247,247,0,[],1.0
20220427-23,247,247,0,[],1.0
20220428-00,247,247,0,[],1.0
20220428-01,247,247,0,[],1.0
20220428-02,247,247,0,[],1.0
20220428-03,247,247,0,[],1.0
20220428-04,247,247,0,[],1.0
20220428-05,247,247,0,[],1.0
20220428-06,247,247,0,[],1.0
20220428-07,247,247,0,[],1.0
20220428-08,247,247,0,[],1.0
20220428-09,247,247,0,[],1.0
20220428-10,247,247,0,[],1.0
20220428-11,247,247,0,[],1.0
20220428-12,247,247,0,[],1.0
20220428-13,247,247,0,[],1.0
20220428-14,247,247,0,[],1.0
20220428-15,247,247,0,[],1.0
20220428-16,247,247,0,[],1.0
20220428-17,247,247,0,[],1.0
20220428-18,247,247,0,[],1.0
20220428-19,247,247,0,[],1.0
20220428-20,247,247,0,[],1.0
20220428-21,247,247,0,[],1.0
20220428-22,247,247,0,[],1.0
20220428-23,247,247,0,[],1.0
20220429-00,247,247,0,[],1.0
20220429-01,247,247,0,[],1.0
20220429-02,247,247,0,[],1.0
20220429-03,247,247,0,[],1.0
20220429-04,247,247,0,[],1.0
20220429-05,247,247,0,[],1.0
20220429-06,247,247,0,[],1.0
20220429-07,247,247,0,[],1.0
20220429-08,247,247,0,[],1.0
20220429-09,247,247,0,[],1.0
20220429-10,247,247,0,[],1.0
20220429-11,247,247,0,[],1.0
20220429-12,247,247,0,[],1.0
20220429-13,247,247,0,[],1.0
20220429-14,247,247,0,[],1.0
20220429-15,247,247,0,[],1.0
20220429-16,247,247,0,[],1.0
20220429-17,247,247,0,[],1.0
20220429-18,247,247,0,[],1.0
20220429-19,247,247,0,[],1.0
20220429-20,247,247,0,[],1.0
20220429-21,247,247,0,[],1.0
20220429-22,247,247,0,[],1.0
20220429-23,247,247,0,[],1.0
20220430-00,247,247,0,[],1.0
20220430-01,247,247,0,[],1.0
20220430-02,247,247,0,[],1.0
20220430-03,247,247,0,[],1.0
20220430-04,247,247,0,[],1.0
20220430-05,247,247,0,[],1.0
20220430-06,247,247,0,[],1.0
20220430-07,247,247,0,[],1.0
20220430-08,247,247,0,[],1.0
20220430-09,247,247,0,[],1.0
20220430-10,247,247,0,[],1.0
20220430-11,247,247,0,[],1.0
20220430-12,247,247,0,[],1.0
20220430-13,247,247,0,[],1.0
20220430-14,247,247,0,[],1.0
20220430-15,247,247,0,[],1.0
20220430-16,247,247,0,[],1.0
20220430-17,247,247,0,[],1.0
20220430-18,247,247,0,[],1.0
20220430-19,247,247,0,[],1.0
20220430-20,247,247,0,[],1.0
20220430-21,247,247,0,[],1.0
20220430-22,247,247,0,[],1.0
20220430-23,247,247,0,[],1.0
20220501-00,247,247,0,[],1.0
20220501-01,247,247,0,[],1.0
20220501-02,247,247,0,[],1.0
20220501-03,247,247,0,[],1.0
20220501-04,247,247,0,[],1.0
20220501-05,247,247,0,[],1.0
20220501-06,247,247,0,[],1.0
20220501-07,247,247,0,[],1.0
20220501-08,247,247,0,[],1.0
20220501-09,247,247,0,[],1.0
20220501-10,247,247,0,[],1.0
20220501-11,247,247,0,[],1.0
20220501-12,247,247,0,[],1.0
20220501-13,247,247,0,[],1.0
20220501-14,247,247,0,[],1.0
20220501-15,247,247,0,[],1.0
20220501-16,247,247,0,[],1.0
20220501-17,247,247,0,[],1.0
20220501-18,247,247,0,[],1.0
20220501-19,247,247,0,[],1.0
20220501-20,247,247,0,[],1.0
20220501-21,247,247,0,[],1.0
20220501-22,247,247,0,[],1.0
20220501-23,247,247,0,[],1.0
20220502-00,247,247,0,[],1.0
20220502-01,247,247,0,[],1.0
20220502-02,247,247,0,[],1.0
20220502-03,247,247,0,[],1.0
20220502-04,247,247,0,[],1.0
20220502-05,247,247,0,[],1.0
20220502-06,247,247,0,[],1.0
20220502-07,247,247,0,[],1.0
20220502-08,247,247,0,[],1.0
20220502-09,247,247,0,[],1.0
20220502-10,247,247,0,[],1.0
20220502-11,247,247,0,[],1.0
20220502-12,247,247,0,[],1.0
20220502-13,247,247,0,[],1.0
20220502-14,247,247,0,[],1.0
20220502-15,247,247,0,[],1.0
20220502-16,247,247,0,[],1.0
20220502-17,247,247,0,[],1.0
20220502-18,247,247,0,[],1.0
20220502-19,247,247,0,[],1.0
20220502-20,247,247,0,[],1.0
20220502-21,247,247,0,[],1.0
20220502-22,247,247,0,[],1.0
20220502-23,247,247,0,[],1.0
20220503-00,247,247,0,[],1.0
20220503-01,247,247,0,[],1.0
20220503-02,247,247,0,[],1.0
20220503-03,247,247,0,[],1.0
20220503-04,247,247,0,[],1.0
20220503-05,247,247,0,[],1.0
20220503-06,247,247,0,[],1.0
20220503-07,247,247,0,[],1.0
20220503-08,247,247,0,[],1.0
20220503-09,247,247,0,[],1.0
20220503-10,247,247,0,[],1.0
20220503-11,247,247,0,[],1.0
20220503-12,247,247,0,[],1.0
20220503-13,247,247,0,[],1.0
20220503-14,247,247,0,[],1.0
20220503-15,247,247,0,[],1.0
20220503-16,247,247,0,[],1.0
20220503-17,247,247,0,[],1.0
20220503-18,247,247,0,[],1.0
20220503-19,247,247,0,[],1.0
20220503-20,247,247,0,[],1.0
20220503-21,247,247,0,[],1.0
20220503-22,247,247,0,[],1.0
20220503-23,247,247,0,[],1.0
20220504-00,247,247,0,[],1.0
20220504-01,247,247,0,[],1.0
20220504-02,247,247,0,[],1.0
20220504-03,247,247,0,[],1.0
20220504-04,247,247,0,[],1.0
20220504-05,247,247,0,[],1.0
20220504-06,247,247,0,[],1.0
20220504-07,247,247,0,[],1.0
20220504-08,247,247,0,[],1.0
20220504-09,247,247,0,[],1.0
20220504-10,247,247,0,[],1.0
20220504-11,247,247,0,[],1.0
20220504-12,247,247,0,[],1.0
20220504-13,247,247,0,[],1.0
20220504-14,247,247,0,[],1.0
20220504-15,247,247,0,[],1.0
20220504-16,247,247,0,[],1.0
20220504-17,247,247,0,[],1.0
20220504-18,247,247,0,[],1.0
20220504-19,247,247,0,[],1.0
20220504-20,247,247,0,[],1.0
20220504-21,247,247,0,[],1.0
20220504-22,247,247,0,[],1.0
20220504-23,247,247,0,[],1.0
20220505-00,247,247,0,[],1.0
20220505-01,247,247,0,[],1.0
20220505-02,247,247,0,[],1.0
20220505-03,247,247,0,[],1.0
20220505-04,247,247,0,[],1.0
20220505-05,247,247,0,[],1.0
20220505-06,247,247,0,[],1.0
20220505-07,247,247,0,[],1.0
20220505-08,247,247,0,[],1.0
20220505-09,247,247,0,[],1.0
20220505-10,247,247,0,[],1.0
20220505-11,247,247,0,[],1.0
20220505-12,247,247,0,[],1.0
20220505-13,247,247,0,[],1.0
20220505-14,247,247,0,[],1.0
20220505-15,247,247,0,[],1.0
20220505-16,247,247,0,[],1.0
20220505-17,247,247,0,[],1.0
20220505-18,247,247,0,[],1.0
20220505-19,247,247,0,[],1.0
20220505-20,247,247,0,[],1.0
20220505-21,247,247,0,[],1.0
20220505-22,247,247,0,[],1.0
20220505-23,247,247,0,[],1.0
20220506-00,247,247,0,[],1.0
20220506-01,247,247,0,[],1.0
20220506-02,247,247,0,[],1.0
20220506-03,247,247,0,[],1.0
20220506-04,247,247,0,[],1.0
20220506-05,247,247,0,[],1.0
20220506-06,247,247,0,[],1.0
20220506-07,247,247,0,[],1.0
20220506-08,247,247,0,[],1.0
20220506-09,247,247,0,[],1.0
20220506-10,247,247,0,[],1.0
20220506-11,247,247,0,[],1.0
20220506-12,247,247,0,[],1.0
20220506-13,247,247,0,[],1.0
20220506-14,247,247,0,[],1.0
20220506-15,247,247,0,[],1.0
20220506-16,247,247,0,[],1.0
20220506-17,247,247,0,[],1.0
20220506-18,247,247,0,[],1.0
20220506-19,247,247,0,[],1.0
20220506-20,247,247,0,[],1.0
20220506-21,247,247,0,[],1.0
20220506-22,247,247,0,[],1.0
20220506-23,247,247,0,[],1.0
20220507-00,247,247,0,[],1.0
20220507-01,247,247,0,[],1.0
20220507-02,247,247,0,[],1.0
20220507-03,247,247,0,[],1.0
20220507-04,247,247,0,[],1.0
20220507-05,247,247,0,[],1.0
20220507-06,247,247,0,[],1.0
20220507-07,247,247,0,[],1.0
20220507-08,247,247,0,[],1.0
20220507-09,247,247,0,[],1.0
20220507-10,247,247,0,[],1.0
20220507-11,247,247,0,[],1.0
20220507-12,247,247,0,[],1.0
20220507-13,247,247,0,[],1.0
20220507-14,247,247,0,[],1.0
20220507-15,247,247,0,[],1.0
20220507-16,247,247,0,[],1.0
20220507-17,247,247,0,[],1.0
20220507-18,247,247,0,[],1.0
20220507-19,247,247,0,[],1.0
20220507-20,247,247,0,[],1.0
20220507-21,247,247,0,[],1.0
20220507-22,247,247,0,[],1.0
20220507-23,247,247,0,[],1.0
20220508-00,247,247,0,[],1.0
20220508-01,247,247,0,[],1.0
20220508-02,247,247,0,[],1.0
20220508-03,247,247,0,[],1.0
20220508-04,247,247,0,[],1.0
20220508-05,247,247,0,[],1.0
20220508-06,247,247,0,[],1.0
20220508-07,247,247,0,[],1.0
20220508-08,247,247,0,[],1.0
20220508-09,247,247,0,[],1.0
20220508-10,247,247,0,[],1.0
20220508-11,247,247,0,[],1.0
20220508-12,247,247,0,[],1.0
20220508-13,247,247,0,[],1.0
20220508-14,247,247,0,[],1.0
20220508-15,247,247,0,[],1.0
20220508-16,247,247,0,[],1.0
20220508-17,247,247,0,[],1.0
20220508-18,247,247,0,[],1.0
20220508-19,247,247,0,[],1.0
20220508-20,247,247,0,[],1.0
20220508-21,247,247,0,[],1.0
20220508-22,247,247,0,[],1.0
20220508-23,247,247,0,[],1.0
20220509-00,247,247,0,[],1.0
20220509-01,247,247,0,[],1.0
20220509-02,247,247,0,[],1.0
20220509-03,247,247,0,[],1.0
20220509-04,247,247,0,[],1.0
20220509-05,247,247,0,[],1.0
20220509-06,247,247,0,[],1.0
20220509-07,247,247,0,[],1.0
20220509-08,247,247,0,[],1.0
20220509-09,247,247,0,[],1.0
20220509-10,247,247,0,[],1.0
20220509-11,247,247,0,[],1.0
20220509-12,247,247,0,[],1.0
20220509-13,247,247,0,[],1.0
20220509-14,247,247,0,[],1.0
20220509-15,247,247,0,[],1.0
20220509-16,247,247,0,[],1.0
20220509-17,247,247,0,[],1.0
20220509-18,247,247,0,[],1.0
20220509-19,247,247,0,[],1.0
20220509-20,247,247,0,[],1.0
20220509-21,247,247,0,[],1.0
20220509-22,247,247,0,[],1.0
20220509-23,247,247,0,[],1.0
20220510-00,247,247,0,[],1.0
20220510-01,247,247,0,[],1.0
20220510-02,247,247,0,[],1.0
20220510-03,247,247,0,[],1.0
20220510-04,247,247,0,[],1.0
20220510-05,247,247,0,[],1.0
20220510-06,247,247,0,[],1.0
20220510-07,247,247,0,[],1.0
20220510-08,247,247,0,[],1.0
20220510-09,247,247,0,[],1.0
20220510-10,247,247,0,[],1.0
20220510-11,247,247,0,[],1.0
20220510-12,247,247,0,[],1.0
20220511-11,247,247,0,[],1.0
20220511-12,247,247,0,[],1.0
20220511-13,247,247,0,[],1.0
20220511-14,247,247,0,[],1.0
20220511-15,247,247,0,[],1.0
20220511-16,247,247,0,[],1.0
20220511-17,247,247,0,[],1.0
20220511-18,247,247,0,[],1.0
20220511-19,247,247,0,[],1.0
20220511-20,247,247,0,[],1.0
20220511-21,247,247,0,[],1.0
20220511-22,247,247,0,[],1.0
20220511-23,247,247,0,[],1.0
20220512-00,247,247,0,[],1.0
20220512-01,247,247,0,[],1.0
20220512-02,247,247,0,[],1.0
20220512-03,247,247,0,[],1.0
20220512-04,247,247,0,[],1.0
20220512-05,247,247,0,[],1.0
20220512-06,247,247,0,[],1.0
20220512-07,247,247,0,[],1.0
20220512-08,247,247,0,[],1.0
20220512-09,247,247,0,[],1.0
20220512-10,247,247,0,[],1.0
20220512-11,247,247,0,[],1.0
20220512-12,247,247,0,[],1.0
20220512-13,247,247,0,[],1.0
20220512-14,247,247,0,[],1.0
20220512-15,247,247,0,[],1.0
20220512-16,247,247,0,[],1.0
20220512-17,247,247,0,[],1.0
20220512-18,247,247,0,[],1.0
20220512-19,247,247,0,[],1.0
20220512-20,247,247,0,[],1.0
20220512-21,247,247,0,[],1.0
20220512-22,247,247,0,[],1.0
20220512-23,247,247,0,[],1.0
20220513-00,247,247,0,[],1.0
20220513-01,247,247,0,[],1.0
20220513-02,247,247,0,[],1.0
20220513-03,247,247,0,[],1.0
20220513-04,247,247,0,[],1.0
20220513-05,247,247,0,[],1.0
20220513-06,247,247,0,[],1.0
20220513-07,247,247,0,[],1.0
20220513-08,247,247,0,[],1.0
20220513-09,247,247,0,[],1.0
20220513-10,247,247,0,[],1.0
20220513-11,247,247,0,[],1.0
20220513-12,247,247,0,[],1.0
20220513-13,247,247,0,[],1.0
20220513-14,247,247,0,[],1.0
20220513-15,247,247,0,[],1.0
20220513-16,247,247,0,[],1.0
20220513-17,247,247,0,[],1.0
20220513-18,247,247,0,[],1.0
20220513-19,247,247,0,[],1.0
20220513-20,247,247,0,[],1.0
20220513-21,247,247,0,[],1.0
20220513-22,247,247,0,[],1.0
20220513-23,247,247,0,[],1.0
20220514-00,247,247,0,[],1.0
20220514-01,247,247,0,[],1.0
20220514-02,247,247,0,[],1.0
20220514-03,247,247,0,[],1.0
20220514-04,247,247,0,[],1.0
20220514-05,247,247,0,[],1.0
20220514-06,247,247,0,[],1.0
20220514-07,247,247,0,[],1.0
20220514-08,247,247,0,[],1.0
20220514-09,247,247,0,[],1.0
20220514-10,247,247,0,[],1.0
20220514-11,247,247,0,[],1.0
20220514-12,247,247,0,[],1.0
20220514-13,247,247,0,[],1.0
20220514-14,247,247,0,[],1.0
20220514-15,247,247,0,[],1.0
20220514-16,247,247,0,[],1.0
20220514-17,247,247,0,[],1.0
20220514-18,247,247,0,[],1.0
20220514-19,247,247,0,[],1.0
20220514-20,247,247,0,[],1.0
20220514-21,247,247,0,[],1.0
20220514-22,247,247,0,[],1.0
20220514-23,247,247,0,[],1.0
20220515-00,247,247,0,[],1.0
20220515-01,247,247,0,[],1.0
20220515-02,247,247,0,[],1.0
20220515-03,247,247,0,[],1.0
20220515-04,247,247,0,[],1.0
20220515-05,247,247,0,[],1.0
20220515-06,247,247,0,[],1.0
20220515-07,247,247,0,[],1.0
20220515-08,247,247,0,[],1.0
20220515-09,247,247,0,[],1.0
20220515-10,247,247,0,[],1.0
20220515-11,247,247,0,[],1.0
20220515-12,247,247,0,[],1.0
20220515-13,247,247,0,[],1.0
20220515-14,247,247,0,[],1.0
20220515-15,247,247,0,[],1.0
20220515-16,247,247,0,[],1.0
20220515-17,247,247,0,[],1.0
20220515-18,247,247,0,[],1.0
20220515-19,247,247,0,[],1.0
20220515-20,247,247,0,[],1.0
20220515-21,247,247,0,[],1.0
20220515-22,247,247,0,[],1.0
20220515-23,247,247,0,[],1.0
20220516-00,247,247,0,[],1.0
20220516-01,247,247,0,[],1.0
20220516-02,247,247,0,[],1.0
20220516-03,247,247,0,[],1.0
20220516-04,247,247,0,[],1.0
20220516-05,247,247,0,[],1.0
20220516-06,247,247,0,[],1.0
20220516-07,247,247,0,[],1.0
20220516-08,247,247,0,[],1.0
20220516-09,247,247,0,[],1.0
20220516-10,247,247,0,[],1.0
20220516-11,247,247,0,[],1.0
20220516-12,247,247,0,[],1.0
20220516-13,247,247,0,[],1.0
20220516-14,247,247,0,[],1.0
20220516-15,247,247,0,[],1.0
20220516-16,247,247,0,[],1.0
20220516-17,247,247,0,[],1.0
20220516-18,247,247,0,[],1.0
20220516-19,247,247,0,[],1.0
20220516-20,247,247,0,[],1.0
20220516-21,247,247,0,[],1.0
20220516-22,247,247,0,[],1.0
20220516-23,247,247,0,[],1.0
20220517-00,247,247,0,[],1.0
20220517-01,247,247,0,[],1.0
20220517-02,247,247,0,[],1.0
20220517-03,247,247,0,[],1.0
20220517-04,247,247,0,[],1.0
20220517-05,247,247,0,[],1.0
20220517-06,247,247,0,[],1.0
20220517-07,247,247,0,[],1.0
20220517-08,247,247,0,[],1.0
20220517-09,247,247,0,[],1.0
20220517-10,247,247,0,[],1.0
20220517-13,247,247,0,[],1.0
20220517-14,247,247,0,[],1.0
20220517-15,247,247,0,[],1.0
20220517-16,247,247,0,[],1.0
20220517-17,247,247,0,[],1.0
20220517-18,247,247,0,[],1.0
20220517-19,247,247,0,[],1.0
20220517-20,247,247,0,[],1.0
20220517-21,247,247,0,[],1.0
20220517-22,247,247,0,[],1.0
20220517-23,247,247,0,[],1.0
20220518-00,247,247,0,[],1.0
20220518-01,247,247,0,[],1.0
20220518-02,247,247,0,[],1.0
20220518-03,247,247,0,[],1.0
20220518-04,247,247,0,[],1.0
20220518-05,247,247,0,[],1.0
20220518-06,247,247,0,[],1.0
20220518-07,247,247,0,[],1.0
20220518-08,247,247,0,[],1.0
20220518-09,247,247,0,[],1.0
20220518-10,247,247,0,[],1.0
20220518-11,247,247,0,[],1.0
20220518-12,247,247,0,[],1.0
20220518-13,247,247,0,[],1.0
20220518-14,247,247,0,[],1.0
20220518-15,247,247,0,[],1.0
20220518-16,247,247,0,[],1.0
20220518-17,247,247,0,[],1.0
20220518-18,247,247,0,[],1.0
20220518-19,247,247,0,[],1.0
20220518-20,247,247,0,[],1.0
20220518-21,247,247,0,[],1.0
20220518-22,247,247,0,[],1.0
20220518-23,247,247,0,[],1.0
20220519-00,247,247,0,[],1.0
20220519-01,247,247,0,[],1.0
20220519-02,247,247,0,[],1.0
20220519-03,247,247,0,[],1.0
20220519-04,247,247,0,[],1.0
20220519-05,247,247,0,[],1.0
20220519-06,247,247,0,[],1.0
20220519-07,247,247,0,[],1.0
20220519-08,247,247,0,[],1.0
20220519-09,247,247,0,[],1.0
20220519-10,247,247,0,[],1.0
20220519-11,247,247,0,[],1.0
20220519-12,247,247,0,[],1.0
20220519-13,247,247,0,[],1.0
20220519-14,247,247,0,[],1.0
20220519-15,247,247,0,[],1.0
20220519-16,247,247,0,[],1.0
20220519-17,247,247,0,[],1.0
20220519-18,247,247,0,[],1.0
20220519-19,247,247,0,[],1.0
20220519-20,247,247,0,[],1.0
20220519-21,247,247,0,[],1.0
20220519-22,247,247,0,[],1.0
20220519-23,247,247,0,[],1.0
20220520-00,247,247,0,[],1.0
20220520-01,247,247,0,[],1.0
20220520-02,247,247,0,[],1.0
20220520-03,247,247,0,[],1.0
20220520-04,247,247,0,[],1.0
20220520-05,247,247,0,[],1.0
20220520-06,247,247,0,[],1.0
20220520-07,247,247,0,[],1.0
20220520-08,247,247,0,[],1.0
20220520-09,247,247,0,[],1.0
20220520-10,247,247,0,[],1.0
20220520-11,247,247,0,[],1.0
20220520-12,247,247,0,[],1.0
20220520-13,247,247,0,[],1.0
20220520-14,247,247,0,[],1.0
20220520-15,247,247,0,[],1.0
20220520-16,247,247,0,[],1.0
20220520-17,247,247,0,[],1.0
20220520-18,247,247,0,[],1.0
20220520-19,247,247,0,[],1.0
20220520-20,247,247,0,[],1.0
20220520-21,247,247,0,[],1.0
20220520-22,247,247,0,[],1.0
20220520-23,247,247,0,[],1.0
20220521-00,247,247,0,[],1.0
20220521-01,247,247,0,[],1.0
20220521-02,247,247,0,[],1.0
20220521-03,247,247,0,[],1.0
20220521-04,247,247,0,[],1.0
20220521-05,247,247,0,[],1.0
20220521-06,247,247,0,[],1.0
20220521-07,247,247,0,[],1.0
20220521-08,247,247,0,[],1.0
20220521-09,247,247,0,[],1.0
20220521-10,247,247,0,[],1.0
20220521-11,247,247,0,[],1.0
20220521-12,247,247,0,[],1.0
20220521-13,247,247,0,[],1.0
20220521-14,247,247,0,[],1.0
20220521-19,247,247,0,[],1.0
20220521-21,247,247,0,[],1.0
20220521-22,247,247,0,[],1.0
20220521-23,247,247,0,[],1.0
20220522-00,247,247,0,[],1.0
20220522-01,247,247,0,[],1.0
20220522-02,247,247,0,[],1.0
20220522-03,247,247,0,[],1.0
20220522-04,247,247,0,[],1.0
20220522-05,247,247,0,[],1.0
20220522-06,247,247,0,[],1.0
20220522-07,247,247,0,[],1.0
20220522-08,247,247,0,[],1.0
20220522-09,247,247,0,[],1.0
20220522-10,247,247,0,[],1.0
20220522-11,247,247,0,[],1.0
20220522-12,247,247,0,[],1.0
20220522-13,247,247,0,[],1.0
20220522-14,247,247,0,[],1.0
20220522-15,246,247,1,['FinancialsInvoiceDetail'],0.996
20220522-16,247,247,0,[],1.0
20220522-17,247,247,0,[],1.0
20220522-18,247,247,0,[],1.0
20220522-19,247,247,0,[],1.0
20220522-20,247,247,0,[],1.0
20220522-21,247,247,0,[],1.0
20220522-22,247,247,0,[],1.0
20220522-23,247,247,0,[],1.0
20220523-00,247,247,0,[],1.0
20220523-01,247,247,0,[],1.0
20220523-02,247,247,0,[],1.0
20220523-03,247,247,0,[],1.0
20220523-04,247,247,0,[],1.0
20220523-05,247,247,0,[],1.0
20220523-06,247,247,0,[],1.0
20220523-07,247,247,0,[],1.0
20220523-08,247,247,0,[],1.0
20220523-09,247,247,0,[],1.0
20220523-10,247,247,0,[],1.0
20220523-11,247,247,0,[],1.0
20220523-12,247,247,0,[],1.0
20220523-13,247,247,0,[],1.0
20220523-14,247,247,0,[],1.0
20220523-15,247,247,0,[],1.0
20220524-08,247,247,0,[],1.0
20220524-09,247,247,0,[],1.0
20220524-10,247,247,0,[],1.0
20220524-11,247,247,0,[],1.0
20220524-12,247,247,0,[],1.0
20220524-13,247,247,0,[],1.0
20220524-14,247,247,0,[],1.0
20220524-15,247,247,0,[],1.0
20220525-08,247,247,0,[],1.0
20220525-09,247,247,0,[],1.0
20220525-10,247,247,0,[],1.0
20220525-11,247,247,0,[],1.0
20220525-12,247,247,0,[],1.0
20220525-13,247,247,0,[],1.0
20220525-14,247,247,0,[],1.0
20220525-15,247,247,0,[],1.0
20220525-16,247,247,0,[],1.0
20220525-17,247,247,0,[],1.0
20220525-18,247,247,0,[],1.0
20220525-19,247,247,0,[],1.0
20220525-20,247,247,0,[],1.0
20220525-21,247,247,0,[],1.0
20220525-22,247,247,0,[],1.0
20220525-23,247,247,0,[],1.0
20220526-00,247,247,0,[],1.0
20220526-01,247,247,0,[],1.0
20220526-02,247,247,0,[],1.0
20220526-03,247,247,0,[],1.0
20220526-04,247,247,0,[],1.0
20220526-05,247,247,0,[],1.0
20220526-06,247,247,0,[],1.0
20220526-07,247,247,0,[],1.0
20220526-08,247,247,0,[],1.0
20220526-09,247,247,0,[],1.0
20220526-10,247,247,0,[],1.0
20220526-11,247,247,0,[],1.0
20220526-12,247,247,0,[],1.0
20220526-13,247,247,0,[],1.0
20220526-14,247,247,0,[],1.0
20220526-15,247,247,0,[],1.0
20220526-16,247,247,0,[],1.0
20220526-17,247,247,0,[],1.0
20220526-18,247,247,0,[],1.0
20220526-19,247,247,0,[],1.0
20220526-20,247,247,0,[],1.0
20220526-21,247,247,0,[],1.0
20220526-22,247,247,0,[],1.0
20220526-23,247,247,0,[],1.0
20220527-00,247,247,0,[],1.0
20220527-01,247,247,0,[],1.0
20220527-02,247,247,0,[],1.0
20220527-03,247,247,0,[],1.0
20220527-04,247,247,0,[],1.0
20220527-05,247,247,0,[],1.0
20220527-06,247,247,0,[],1.0
20220527-07,247,247,0,[],1.0
20220527-08,247,247,0,[],1.0
20220527-09,247,247,0,[],1.0
20220527-10,247,247,0,[],1.0
20220527-11,247,247,0,[],1.0
20220527-12,247,247,0,[],1.0
20220527-13,247,247,0,[],1.0
20220527-14,247,247,0,[],1.0
20220527-15,247,247,0,[],1.0
20220527-16,247,247,0,[],1.0
20220527-17,247,247,0,[],1.0
20220527-18,247,247,0,[],1.0
20220527-19,247,247,0,[],1.0
20220527-20,247,247,0,[],1.0
20220527-21,247,247,0,[],1.0
20220527-22,247,247,0,[],1.0
20220527-23,247,247,0,[],1.0
20220528-00,247,247,0,[],1.0
20220528-01,247,247,0,[],1.0
20220528-02,247,247,0,[],1.0
20220528-03,247,247,0,[],1.0
20220528-04,247,247,0,[],1.0
20220528-05,247,247,0,[],1.0
20220528-06,247,247,0,[],1.0
20220528-07,247,247,0,[],1.0
20220528-08,247,247,0,[],1.0
20220528-09,247,247,0,[],1.0
20220528-10,247,247,0,[],1.0
20220528-11,247,247,0,[],1.0
20220528-12,247,247,0,[],1.0
20220528-13,247,247,0,[],1.0
20220528-14,247,247,0,[],1.0
20220528-15,247,247,0,[],1.0
20220528-16,247,247,0,[],1.0
20220528-17,247,247,0,[],1.0
20220528-18,247,247,0,[],1.0
20220528-19,247,247,0,[],1.0
20220528-20,247,247,0,[],1.0
20220528-21,247,247,0,[],1.0
20220528-22,247,247,0,[],1.0
20220528-23,247,247,0,[],1.0
20220529-00,247,247,0,[],1.0
20220529-01,247,247,0,[],1.0
20220529-02,247,247,0,[],1.0
20220529-03,247,247,0,[],1.0
20220529-04,247,247,0,[],1.0
20220529-05,247,247,0,[],1.0
20220529-06,247,247,0,[],1.0
20220529-07,247,247,0,[],1.0
20220529-08,247,247,0,[],1.0
20220529-09,247,247,0,[],1.0
20220529-10,247,247,0,[],1.0
20220529-11,247,247,0,[],1.0
20220529-12,247,247,0,[],1.0
20220529-13,247,247,0,[],1.0
20220529-14,247,247,0,[],1.0
20220529-15,247,247,0,[],1.0
20220529-16,247,247,0,[],1.0
20220529-17,247,247,0,[],1.0
20220529-18,247,247,0,[],1.0
20220529-19,247,247,0,[],1.0
20220529-20,247,247,0,[],1.0
20220529-21,247,247,0,[],1.0
20220529-22,247,247,0,[],1.0
20220529-23,247,247,0,[],1.0
20220530-00,247,247,0,[],1.0
20220530-01,247,247,0,[],1.0
20220530-02,247,247,0,[],1.0
20220530-03,247,247,0,[],1.0
20220530-04,247,247,0,[],1.0
20220530-06,247,247,0,[],1.0
20220530-07,247,247,0,[],1.0
20220530-08,247,247,0,[],1.0
20220530-09,247,247,0,[],1.0
20220530-10,247,247,0,[],1.0
20220530-11,247,247,0,[],1.0
20220530-12,247,247,0,[],1.0
20220530-13,247,247,0,[],1.0
20220530-14,247,247,0,[],1.0
20220530-15,247,247,0,[],1.0
20220530-16,247,247,0,[],1.0
20220530-17,247,247,0,[],1.0
20220530-18,247,247,0,[],1.0
20220530-19,247,247,0,[],1.0
20220530-20,247,247,0,[],1.0
20220530-21,247,247,0,[],1.0
20220530-22,247,247,0,[],1.0
20220530-23,247,247,0,[],1.0
20220531-00,247,247,0,[],1.0
20220531-01,247,247,0,[],1.0
20220531-02,247,247,0,[],1.0
20220531-03,247,247,0,[],1.0
20220531-04,247,247,0,[],1.0
20220531-05,247,247,0,[],1.0
20220531-06,247,247,0,[],1.0
20220531-00,247,247,0,[],1.0
20220531-01,247,247,0,[],1.0
20220531-02,247,247,0,[],1.0
20220531-03,247,247,0,[],1.0
20220531-04,247,247,0,[],1.0
20220531-05,247,247,0,[],1.0
20220531-06,247,247,0,[],1.0
20220531-20,247,247,0,[],1.0
